instructions_id,enabled,log_only,count,num_estimated_profit_before_gas,num_estimated_profit_after_gas,num_tx,num_successful_tx,execute_abi,from_symbol,to_symbol,contract_address
0x804876A3787c0D05a06A0B4082628daC481F1889+0x95437848-0xc02aaa39b223fe8d0a0e5c4f27ead9083c756cc2+0x2e1a7d4d:0xc02aaa39_0xeeeeeeee,true,false,8512,8512,380,31,0,./abis/weth.json,WETH,ETH,0xc02aaa39b223fe8d0a0e5c4f27ead9083c756cc2
0x804876A3787c0D05a06A0B4082628daC481F1889+0x7ee4cbd9-0xc02aaa39b223fe8d0a0e5c4f27ead9083c756cc2+0xd0e30db0:0xeeeeeeee_0xc02aaa39,true,false,8325,8325,185,48,0,./abis/weth.json,ETH,WETH,0xc02aaa39b223fe8d0a0e5c4f27ead9083c756cc2
0x2a1530c4c41db0b0b2bb646cb5eb1a67b7158667+0x95b68fe7-0x2a1530c4c41db0b0b2bb646cb5eb1a67b7158667+0x95e3c50b:0x6b175474_0xeeeeeeee,true,false,7247,7247,154,15,0,./abis/uniswap_v1.json,DAI,ETH,0x2a1530c4c41db0b0b2bb646cb5eb1a67b7158667
0x97dec872013f6b5fb443861090ad931542878126+0xcd7724c3-0x97dec872013f6b5fb443861090ad931542878126+0xf39b5b9b:0xeeeeeeee_0xa0b86991,true,false,5261,5261,164,23,0,./abis/uniswap_v1.json,ETH,USDC,0x97dec872013f6b5fb443861090ad931542878126
0x97dec872013f6b5fb443861090ad931542878126+0x95b68fe7-0x97dec872013f6b5fb443861090ad931542878126+0x95e3c50b:0xa0b86991_0xeeeeeeee,true,false,3170,3170,69,20,0,./abis/uniswap_v1.json,USDC,ETH,0x97dec872013f6b5fb443861090ad931542878126
0x2a1530c4c41db0b0b2bb646cb5eb1a67b7158667+0xcd7724c3-0x2a1530c4c41db0b0b2bb646cb5eb1a67b7158667+0xf39b5b9b:0xeeeeeeee_0x6b175474,true,false,2994,2994,74,7,0,./abis/uniswap_v1.json,ETH,DAI,0x2a1530c4c41db0b0b2bb646cb5eb1a67b7158667
0x4d2f5cfba55ae412221182d8475bc85799a5644b+0x95b68fe7-0x4d2f5cfba55ae412221182d8475bc85799a5644b+0x95e3c50b:0x2260fac5_0xeeeeeeee,true,false,2792,2792,19,5,0,./abis/uniswap_v1.json,WBTC,ETH,0x4d2f5cfba55ae412221182d8475bc85799a5644b
0x05cde89ccfa0ada8c88d5a23caaa79ef129e7883+0xcd7724c3-0x05cde89ccfa0ada8c88d5a23caaa79ef129e7883+0xf39b5b9b:0xeeeeeeee_0x2b591e99,true,false,2358,2358,10,4,0,./abis/uniswap_v1.json,ETH,HEX,0x05cde89ccfa0ada8c88d5a23caaa79ef129e7883
0x58045595e4D6a5711f46633fcCC12efE2fAE244e+0x54b3a03a-0x45F783CCE6B7FF23B2ab2D70e416cdb7D6055f51+0xa6417ed6:0xa0b86991_0x6b175474,true,false,2312,2312,34,2,0,./abis/curve.json,USDC,DAI,0x45F783CCE6B7FF23B2ab2D70e416cdb7D6055f51
0x3377790759732282873957d06202d6525816e362+0x54b3a03a-0xa5407eae9ba41422680e2e00537571bcc53efbfd+0xa6417ed6:0xa0b86991_0x6b175474,true,false,2197,2197,75,11,0,./abis/curve.json,USDC,DAI,0xa5407eae9ba41422680e2e00537571bcc53efbfd
0x93054188d876f558f4a66b2ef1d97d16edf0895b+0x5e0d443f-0x93054188d876f558f4a66b2ef1d97d16edf0895b+0x3df02124:0xeb4c2781_0x2260fac5,true,false,1816,1816,36,30,0,./abis/0x93054188d876f558f4a66b2ef1d97d16edf0895b.json,renBTC,WBTC,0x93054188d876f558f4a66b2ef1d97d16edf0895b
0x7fc77b5c7614e1533320ea6ddc2eb61fa00a9714+0x5e0d443f-0x7fc77b5c7614e1533320ea6ddc2eb61fa00a9714+0x3df02124:0xeb4c2781_0x2260fac5,true,false,1624,1624,8,0,0,./abis/curve.json,renBTC,WBTC,0x7fc77b5c7614e1533320ea6ddc2eb61fa00a9714
0x58045595e4D6a5711f46633fcCC12efE2fAE244e+0xf5b06bd6-0x45F783CCE6B7FF23B2ab2D70e416cdb7D6055f51+0xa6417ed6:0x6b175474_0xa0b86991,true,false,1455,1455,2,0,0,./abis/curve.json,DAI,USDC,0x45F783CCE6B7FF23B2ab2D70e416cdb7D6055f51
0x3377790759732282873957d06202d6525816e362+0x8c66ae75-0xa5407eae9ba41422680e2e00537571bcc53efbfd+0xa6417ed6:0x6b175474_0xdac17f95,true,false,1451,1451,19,6,0,./abis/curve.json,DAI,USDT,0xa5407eae9ba41422680e2e00537571bcc53efbfd
0x3377790759732282873957d06202d6525816e362+0xf5b06bd6-0xa5407eae9ba41422680e2e00537571bcc53efbfd+0xa6417ed6:0x6b175474_0xa0b86991,true,false,1411,1411,34,13,1,./abis/curve.json,DAI,USDC,0xa5407eae9ba41422680e2e00537571bcc53efbfd
0x58045595e4D6a5711f46633fcCC12efE2fAE244e+0x8c66ae75-0x45F783CCE6B7FF23B2ab2D70e416cdb7D6055f51+0xa6417ed6:0x6b175474_0xdac17f95,true,false,1403,1403,0,0,0,./abis/curve.json,DAI,USDT,0x45F783CCE6B7FF23B2ab2D70e416cdb7D6055f51
0x58045595e4D6a5711f46633fcCC12efE2fAE244e+0xcd4f8ac3-0x45F783CCE6B7FF23B2ab2D70e416cdb7D6055f51+0xa6417ed6:0xdac17f95_0x6b175474,true,false,1350,1350,14,0,0,./abis/curve.json,USDT,DAI,0x45F783CCE6B7FF23B2ab2D70e416cdb7D6055f51
0x05cde89ccfa0ada8c88d5a23caaa79ef129e7883+0x95b68fe7-0x05cde89ccfa0ada8c88d5a23caaa79ef129e7883+0x95e3c50b:0x2b591e99_0xeeeeeeee,true,false,1281,1281,17,4,0,./abis/uniswap_v1.json,HEX,ETH,0x05cde89ccfa0ada8c88d5a23caaa79ef129e7883
0x3377790759732282873957d06202d6525816e362+0xcd4f8ac3-0xa5407eae9ba41422680e2e00537571bcc53efbfd+0xa6417ed6:0xdac17f95_0x6b175474,true,false,1277,1277,34,8,0,./abis/curve.json,USDT,DAI,0xa5407eae9ba41422680e2e00537571bcc53efbfd
0x3377790759732282873957d06202d6525816e362+0xda3c6dbb-0xa5407eae9ba41422680e2e00537571bcc53efbfd+0xa6417ed6:0xa0b86991_0xdac17f95,true,false,1168,1168,17,8,0,./abis/curve.json,USDC,USDT,0xa5407eae9ba41422680e2e00537571bcc53efbfd
0xa2881a90bf33f03e7a3f803765cd2ed5c8928dfb+0xcd7724c3-0xa2881a90bf33f03e7a3f803765cd2ed5c8928dfb+0xf39b5b9b:0xeeeeeeee_0xc02aaa39,true,false,1160,1160,37,2,0,./abis/uniswap_v1.json,ETH,WETH,0xa2881a90bf33f03e7a3f803765cd2ed5c8928dfb
0x58045595e4D6a5711f46633fcCC12efE2fAE244e+0xda3c6dbb-0x45F783CCE6B7FF23B2ab2D70e416cdb7D6055f51+0xa6417ed6:0xa0b86991_0xdac17f95,true,false,1153,1153,5,0,0,./abis/curve.json,USDC,USDT,0x45F783CCE6B7FF23B2ab2D70e416cdb7D6055f51
0xcaa7e4656f6a2b59f5f99c745f91ab26d1210dce+0xcd7724c3-0xcaa7e4656f6a2b59f5f99c745f91ab26d1210dce+0xf39b5b9b:0xeeeeeeee_0x80fb784b,true,false,886,886,26,9,0,./abis/uniswap_v1.json,ETH,LEND,0xcaa7e4656f6a2b59f5f99c745f91ab26d1210dce
0x634e27269a029edb2b70b5ef43273f5eed9ebcc2+0xcd7724c3-0x634e27269a029edb2b70b5ef43273f5eed9ebcc2+0xf39b5b9b:0xeeeeeeee_0x8a9c67fe,true,false,869,869,69,19,0,./abis/uniswap_v1.json,ETH,JRT,0x634e27269a029edb2b70b5ef43273f5eed9ebcc2
0xcaa7e4656f6a2b59f5f99c745f91ab26d1210dce+0x95b68fe7-0xcaa7e4656f6a2b59f5f99c745f91ab26d1210dce+0x95e3c50b:0x80fb784b_0xeeeeeeee,true,false,797,797,18,3,0,./abis/uniswap_v1.json,LEND,ETH,0xcaa7e4656f6a2b59f5f99c745f91ab26d1210dce
0x93054188d876f558f4a66b2ef1d97d16edf0895b+0x5e0d443f-0x93054188d876f558f4a66b2ef1d97d16edf0895b+0x3df02124:0x2260fac5_0xeb4c2781,true,false,756,756,20,8,1,./abis/0x93054188d876f558f4a66b2ef1d97d16edf0895b.json,WBTC,renBTC,0x93054188d876f558f4a66b2ef1d97d16edf0895b
0x7fc77b5c7614e1533320ea6ddc2eb61fa00a9714+0x5e0d443f-0x7fc77b5c7614e1533320ea6ddc2eb61fa00a9714+0x3df02124:0x2260fac5_0xeb4c2781,true,false,702,702,18,0,0,./abis/curve.json,WBTC,renBTC,0x7fc77b5c7614e1533320ea6ddc2eb61fa00a9714
0x6604d060B341af00C3d84938a51308fBC9eD397c+0xdf71d7f3-0x7a250d5630b4cf539739df2c5dacb4c659f2488d+0x18cbafe5:0xba100000_0xeeeeeeee,true,false,580,580,64,20,0,./abis/uniswap_v2_router.json,BAL,ETH,0x7a250d5630b4cf539739df2c5dacb4c659f2488d
0x58045595e4D6a5711f46633fcCC12efE2fAE244e+0xbb23888c-0x45F783CCE6B7FF23B2ab2D70e416cdb7D6055f51+0xa6417ed6:0xdac17f95_0xa0b86991,true,false,507,507,4,0,0,./abis/curve.json,USDT,USDC,0x45F783CCE6B7FF23B2ab2D70e416cdb7D6055f51
0x3377790759732282873957d06202d6525816e362+0xbb23888c-0xa5407eae9ba41422680e2e00537571bcc53efbfd+0xa6417ed6:0xdac17f95_0xa0b86991,true,false,467,467,25,9,0,./abis/curve.json,USDT,USDC,0xa5407eae9ba41422680e2e00537571bcc53efbfd
0x48b04d2a05b6b604d8d5223fd1984f191ded51af+0x95b68fe7-0x48b04d2a05b6b604d8d5223fd1984f191ded51af+0x95e3c50b:0x1985365e_0xeeeeeeee,true,false,464,464,8,4,0,./abis/uniswap_v1.json,REP,ETH,0x48b04d2a05b6b604d8d5223fd1984f191ded51af
0xdbfb5e6ac6d512d7c35b937fb7b301e9a963314a+0x7f2b0c09-0x2090e54cd3c2dd9d9e9ca3a19dcc311a692d7639+0x8201aa3f:0xc02aaa39_0xba100000,true,false,458,458,27,0,0,./abis/balancer_pool.json,WETH,BAL,0x2090e54cd3c2dd9d9e9ca3a19dcc311a692d7639
0xed2c5bac5baedb7a59f8711659294ae3eef656e5+0x1e1401f8-0xed2c5bac5baedb7a59f8711659294ae3eef656e5+0xd5bcb9b5:0xeeeeeeee_0x0bc529c0,true,false,454,454,362,40,0,./abis/mooniswap.json,ETH,YFI,0xed2c5bac5baedb7a59f8711659294ae3eef656e5
0x6604d060B341af00C3d84938a51308fBC9eD397c+0xdf71d7f3-0x7a250d5630b4cf539739df2c5dacb4c659f2488d+0x18cbafe5:0x6b175474_0xeeeeeeee,true,false,377,377,170,6,0,./abis/uniswap_v2_router.json,DAI,WETH,0x7a250d5630b4cf539739df2c5dacb4c659f2488d
0x4d2f5cfba55ae412221182d8475bc85799a5644b+0xcd7724c3-0x4d2f5cfba55ae412221182d8475bc85799a5644b+0xf39b5b9b:0xeeeeeeee_0x2260fac5,true,false,354,354,15,0,0,./abis/uniswap_v1.json,ETH,WBTC,0x4d2f5cfba55ae412221182d8475bc85799a5644b
0x5048b9d01097498Fd72F3F14bC9Bc74A5aAc8fA7+0xcd7724c3-0x5048b9d01097498Fd72F3F14bC9Bc74A5aAc8fA7+0xf39b5b9b:0xeeeeeeee_0x00000000,true,false,345,345,21,2,0,./abis/uniswap_v1.json,ETH,TUSD,0x5048b9d01097498Fd72F3F14bC9Bc74A5aAc8fA7
0xdbfb5e6ac6d512d7c35b937fb7b301e9a963314a+0x7f2b0c09-0x2090e54cd3c2dd9d9e9ca3a19dcc311a692d7639+0x8201aa3f:0xba100000_0xc02aaa39,true,false,304,304,13,0,0,./abis/balancer_pool.json,BAL,WETH,0x2090e54cd3c2dd9d9e9ca3a19dcc311a692d7639
0x634e27269a029edb2b70b5ef43273f5eed9ebcc2+0x95b68fe7-0x634e27269a029edb2b70b5ef43273f5eed9ebcc2+0x95e3c50b:0x8a9c67fe_0xeeeeeeee,true,false,295,295,1,1,0,./abis/uniswap_v1.json,JRT,ETH,0x634e27269a029edb2b70b5ef43273f5eed9ebcc2
0xdbfb5e6ac6d512d7c35b937fb7b301e9a963314a+0x7f2b0c09-0xe0e6b25b22173849668c85e06bc2ce1f69baff8c+0x8201aa3f:0x9f8f72aa_0xc02aaa39,true,false,279,279,0,0,0,./abis/balancer_pool.json,MKR,WETH,0xe0e6b25b22173849668c85e06bc2ce1f69baff8c
0xdbfb5e6ac6d512d7c35b937fb7b301e9a963314a+0x7f2b0c09-0x59a19d8c652fa0284f44113d0ff9aba70bd46fb4+0x8201aa3f:0xc02aaa39_0xba100000,true,false,232,232,22,20,0,./abis/balancer_pool.json,WETH,BAL,0x59a19d8c652fa0284f44113d0ff9aba70bd46fb4
0x6604d060B341af00C3d84938a51308fBC9eD397c+0xdf71d7f3-0x7a250d5630b4cf539739df2c5dacb4c659f2488d+0x18cbafe5:0x0bc529c0_0xeeeeeeee,true,false,227,227,181,40,0,./abis/uniswap_v2_router.json,YFI,ETH,0x7a250d5630b4cf539739df2c5dacb4c659f2488d
0x6604d060B341af00C3d84938a51308fBC9eD397c+0xdf71d7f3-0x7a250d5630b4cf539739df2c5dacb4c659f2488d+0x38ed1739:0x0bc529c0_0xc02aaa39,true,false,227,227,181,0,0,./abis/uniswap_v2_router.json,YFI,WETH,0x7a250d5630b4cf539739df2c5dacb4c659f2488d
0x6604d060b341af00c3d84938a51308fbc9ed397c+0xdf71d7f3-0xf164fc0ec4e93095b804a4795bbe1e041497b92a+0x38ed1739:0x80fb784b_0xc02aaa39,true,false,225,225,5,0,0,./abis/uniswap_v2_router.json,LEND,WETH,0xf164fc0ec4e93095b804a4795bbe1e041497b92a
0x6604d060b341af00c3d84938a51308fbc9ed397c+0xdf71d7f3-0xf164fc0ec4e93095b804a4795bbe1e041497b92a+0x18cbafe5:0x80fb784b_0xeeeeeeee,true,false,220,220,7,0,0,./abis/uniswap_v2_router.json,LEND,ETH,0xf164fc0ec4e93095b804a4795bbe1e041497b92a
0x6604d060B341af00C3d84938a51308fBC9eD397c+0xdf71d7f3-0x7a250d5630b4cf539739df2c5dacb4c659f2488d+0x7ff36ab5:0xeeeeeeee_0xa0b86991,true,false,215,215,71,3,0,./abis/uniswap_v2_router.json,ETH,USDC,0x7a250d5630b4cf539739df2c5dacb4c659f2488d
0x0e8f25fd45eee90733c46853bcc8b05494e10573+0x1e1401f8-0x0e8f25fd45eee90733c46853bcc8b05494e10573+0xd5bcb9b5:0xdf5e0e81_0x6b175474,true,false,176,176,58,4,0,./abis/mooniswap.json,yDAI+yUSDC+yUSDT+yTUSD,DAI,0x0e8f25fd45eee90733c46853bcc8b05494e10573
0x6604d060B341af00C3d84938a51308fBC9eD397c+0xdf71d7f3-0x7a250d5630b4cf539739df2c5dacb4c659f2488d+0x7ff36ab5:0xeeeeeeee_0xdf5e0e81,true,false,176,176,58,4,0,./abis/uniswap_v2_router.json,ETH,yDAI+yUSDC+yUSDT+yTUSD,0x7a250d5630b4cf539739df2c5dacb4c659f2488d
0x2c4bd064b998838076fa341a83d007fc2fa50957+0x95b68fe7-0x2c4bd064b998838076fa341a83d007fc2fa50957+0x95e3c50b:0x9f8f72aa_0xeeeeeeee,true,false,171,171,5,2,0,./abis/uniswap_v1.json,MKR,ETH,0x2c4bd064b998838076fa341a83d007fc2fa50957
0x48b04d2a05b6b604d8d5223fd1984f191ded51af+0xcd7724c3-0x48b04d2a05b6b604d8d5223fd1984f191ded51af+0xf39b5b9b:0xeeeeeeee_0x1985365e,true,false,168,168,17,3,0,./abis/uniswap_v1.json,ETH,REP,0x48b04d2a05b6b604d8d5223fd1984f191ded51af
0x6604d060B341af00C3d84938a51308fBC9eD397c+0xdf71d7f3-0x7a250d5630b4cf539739df2c5dacb4c659f2488d+0x18cbafe5:0xdac17f95_0xeeeeeeee,true,false,126,126,15,1,0,./abis/uniswap_v2_router.json,USDT,WETH,0x7a250d5630b4cf539739df2c5dacb4c659f2488d
0x58045595e4D6a5711f46633fcCC12efE2fAE244e+0xacd1de1d-0x45F783CCE6B7FF23B2ab2D70e416cdb7D6055f51+0xa6417ed6:0x00000000_0xdac17f95,true,false,124,124,4,1,0,./abis/curve.json,TUSD,USDT,0x45F783CCE6B7FF23B2ab2D70e416cdb7D6055f51
0xdbfb5e6ac6d512d7c35b937fb7b301e9a963314a+0x7f2b0c09-0xe0e6b25b22173849668c85e06bc2ce1f69baff8c+0x8201aa3f:0xc02aaa39_0x9f8f72aa,true,false,121,121,1,0,0,./abis/balancer_pool.json,WETH,MKR,0xe0e6b25b22173849668c85e06bc2ce1f69baff8c
0x58045595e4D6a5711f46633fcCC12efE2fAE244e+0xae06d070-0x45F783CCE6B7FF23B2ab2D70e416cdb7D6055f51+0xa6417ed6:0x00000000_0xa0b86991,true,false,119,119,8,0,0,./abis/curve.json,TUSD,USDC,0x45F783CCE6B7FF23B2ab2D70e416cdb7D6055f51
0x6604d060B341af00C3d84938a51308fBC9eD397c+0xdf71d7f3-0x7a250d5630b4cf539739df2c5dacb4c659f2488d+0x7ff36ab5:0xeeeeeeee_0x2260fac5,true,false,116,116,21,0,0,./abis/uniswap_v2_router.json,ETH,WBTC,0x7a250d5630b4cf539739df2c5dacb4c659f2488d
0xdbfb5e6ac6d512d7c35b937fb7b301e9a963314a+0x7f2b0c09-0xf9ab7776c7baeed1d65f0492fe2bb3951a1787ef+0x8201aa3f:0x2260fac5_0xba100000,true,false,116,116,21,0,0,./abis/balancer_pool.json,WBTC,BAL,0xf9ab7776c7baeed1d65f0492fe2bb3951a1787ef
0x58045595e4D6a5711f46633fcCC12efE2fAE244e+0x57c03e88-0x45F783CCE6B7FF23B2ab2D70e416cdb7D6055f51+0xa6417ed6:0x00000000_0x6b175474,true,false,102,102,9,1,0,./abis/curve.json,TUSD,DAI,0x45F783CCE6B7FF23B2ab2D70e416cdb7D6055f51
0xa2881a90bf33f03e7a3f803765cd2ed5c8928dfb+0x95b68fe7-0xa2881a90bf33f03e7a3f803765cd2ed5c8928dfb+0x95e3c50b:0xc02aaa39_0xeeeeeeee,true,false,98,98,26,0,0,./abis/uniswap_v1.json,WETH,ETH,0xa2881a90bf33f03e7a3f803765cd2ed5c8928dfb
0x2c4bd064b998838076fa341a83d007fc2fa50957+0xcd7724c3-0x2c4bd064b998838076fa341a83d007fc2fa50957+0xf39b5b9b:0xeeeeeeee_0x9f8f72aa,true,false,97,97,1,1,0,./abis/uniswap_v1.json,ETH,MKR,0x2c4bd064b998838076fa341a83d007fc2fa50957
0xf173214c720f58e03e194085b1db28b50acdeead+0x95b68fe7-0xf173214c720f58e03e194085b1db28b50acdeead+0x95e3c50b:0x51491077_0xeeeeeeee,true,false,86,86,11,2,0,./abis/uniswap_v1.json,LINK,ETH,0xf173214c720f58e03e194085b1db28b50acdeead
0x75116bd1ab4b0065b44e1a4ea9b4180a171406ed+0x1e1401f8-0x75116bd1ab4b0065b44e1a4ea9b4180a171406ed+0xd5bcb9b5:0xeeeeeeee_0x6b175474,true,false,73,73,40,0,0,./abis/mooniswap.json,ETH,DAI,0x75116bd1ab4b0065b44e1a4ea9b4180a171406ed
0x6604d060B341af00C3d84938a51308fBC9eD397c+0xdf71d7f3-0x7a250d5630b4cf539739df2c5dacb4c659f2488d+0x7ff36ab5:0xeeeeeeee_0x6b175474,true,false,72,72,7,0,0,./abis/uniswap_v2_router.json,ETH,DAI,0x7a250d5630b4cf539739df2c5dacb4c659f2488d
0x61bb2fda13600c497272a8dd029313afdb125fd3+0x1e1401f8-0x61bb2fda13600c497272a8dd029313afdb125fd3+0xd5bcb9b5:0xa0b86991_0xeeeeeeee,true,false,70,70,41,0,0,./abis/mooniswap.json,USDC,ETH,0x61bb2fda13600c497272a8dd029313afdb125fd3
0xdbfb5e6ac6d512d7c35b937fb7b301e9a963314a+0x7f2b0c09-0x9b208194acc0a8ccb2a8dcafeacfbb7dcc093f81+0x8201aa3f:0x6b175474_0xc02aaa39,true,false,63,63,23,0,0,./abis/balancer_pool.json,DAI,WETH,0x9b208194acc0a8ccb2a8dcafeacfbb7dcc093f81
0x6604d060B341af00C3d84938a51308fBC9eD397c+0xdf71d7f3-0x7a250d5630b4cf539739df2c5dacb4c659f2488d+0x7ff36ab5:0xeeeeeeee_0x960b236a,true,false,57,57,0,0,0,./abis/uniswap_v2_router.json,ETH,ANT,0x7a250d5630b4cf539739df2c5dacb4c659f2488d
0xdbfb5e6ac6d512d7c35b937fb7b301e9a963314a+0x7f2b0c09-0x2cf9106faf2c5c8713035d40df655fb1b9b0f9b9+0x8201aa3f:0x960b236a_0xc02aaa39,true,false,57,57,0,0,0,./abis/balancer_pool.json,ANT,WETH,0x2cf9106faf2c5c8713035d40df655fb1b9b0f9b9
0x3863fc8c1cc59f160280f5d3e4c1a4c63f945ce3+0x1e1401f8-0x3863fc8c1cc59f160280f5d3e4c1a4c63f945ce3+0xd5bcb9b5:0x80fb784b_0xeeeeeeee,true,false,55,55,4,0,0,./abis/mooniswap.json,LEND,ETH,0x3863fc8c1cc59f160280f5d3e4c1a4c63f945ce3
0x6604d060B341af00C3d84938a51308fBC9eD397c+0xdf71d7f3-0x7a250d5630b4cf539739df2c5dacb4c659f2488d+0x18cbafe5:0xa0b86991_0xeeeeeeee,true,false,48,48,2,0,0,./abis/uniswap_v2_router.json,USDC,WETH,0x7a250d5630b4cf539739df2c5dacb4c659f2488d
0x5048b9d01097498Fd72F3F14bC9Bc74A5aAc8fA7+0x95b68fe7-0x5048b9d01097498Fd72F3F14bC9Bc74A5aAc8fA7+0x95e3c50b:0x00000000_0xeeeeeeee,true,false,46,46,0,0,0,./abis/uniswap_v1.json,TUSD,ETH,0x5048b9d01097498Fd72F3F14bC9Bc74A5aAc8fA7
0xdbfb5e6ac6d512d7c35b937fb7b301e9a963314a+0x7f2b0c09-0x9b208194acc0a8ccb2a8dcafeacfbb7dcc093f81+0x8201aa3f:0x6b175474_0xa0b86991,true,false,44,44,11,0,0,./abis/balancer_pool.json,DAI,USDC,0x9b208194acc0a8ccb2a8dcafeacfbb7dcc093f81
0x6604d060B341af00C3d84938a51308fBC9eD397c+0xdf71d7f3-0x7a250d5630b4cf539739df2c5dacb4c659f2488d+0x7ff36ab5:0xeeeeeeee_0xdac17f95,true,false,38,38,17,0,0,./abis/uniswap_v2_router.json,ETH,USDT,0x7a250d5630b4cf539739df2c5dacb4c659f2488d
0xdbfb5e6ac6d512d7c35b937fb7b301e9a963314a+0x7f2b0c09-0x57755f7dec33320bca83159c26e93751bfd30fbe+0x8201aa3f:0xa0b86991_0x6b175474,true,false,38,38,20,0,0,./abis/balancer_pool.json,USDC,DAI,0x57755f7dec33320bca83159c26e93751bfd30fbe
0x6604d060B341af00C3d84938a51308fBC9eD397c+0xdf71d7f3-0x7a250d5630b4cf539739df2c5dacb4c659f2488d+0x7ff36ab5:0xeeeeeeee_0x2b591e99,true,false,36,36,0,0,0,./abis/uniswap_v2_router.json,ETH,HEX,0x7a250d5630b4cf539739df2c5dacb4c659f2488d
0x6604d060B341af00C3d84938a51308fBC9eD397c+0xdf71d7f3-0x7a250d5630b4cf539739df2c5dacb4c659f2488d+0x38ed1739:0xc02aaa39_0x2b591e99,true,false,36,36,0,0,0,./abis/uniswap_v2_router.json,WETH,HEX,0x7a250d5630b4cf539739df2c5dacb4c659f2488d
0xdbfb5e6ac6d512d7c35b937fb7b301e9a963314a+0x7f2b0c09-0x9b208194acc0a8ccb2a8dcafeacfbb7dcc093f81+0x8201aa3f:0xa0b86991_0xc02aaa39,true,false,34,34,17,0,0,./abis/balancer_pool.json,USDC,WETH,0x9b208194acc0a8ccb2a8dcafeacfbb7dcc093f81
0xdbfb5e6ac6d512d7c35b937fb7b301e9a963314a+0x7f2b0c09-0x9b208194acc0a8ccb2a8dcafeacfbb7dcc093f81+0x8201aa3f:0xc02aaa39_0x6b175474,true,false,33,33,1,0,0,./abis/balancer_pool.json,WETH,DAI,0x9b208194acc0a8ccb2a8dcafeacfbb7dcc093f81
0xdbfb5e6ac6d512d7c35b937fb7b301e9a963314a+0x7f2b0c09-0x9b208194acc0a8ccb2a8dcafeacfbb7dcc093f81+0x8201aa3f:0xc02aaa39_0xa0b86991,true,false,32,32,7,0,0,./abis/balancer_pool.json,WETH,USDC,0x9b208194acc0a8ccb2a8dcafeacfbb7dcc093f81
0x75116bd1ab4b0065b44e1a4ea9b4180a171406ed+0x1e1401f8-0x75116bd1ab4b0065b44e1a4ea9b4180a171406ed+0xd5bcb9b5:0x6b175474_0xeeeeeeee,true,false,29,29,0,0,0,./abis/mooniswap.json,DAI,ETH,0x75116bd1ab4b0065b44e1a4ea9b4180a171406ed
0x6604d060B341af00C3d84938a51308fBC9eD397c+0xdf71d7f3-0x7a250d5630b4cf539739df2c5dacb4c659f2488d+0x7ff36ab5:0xeeeeeeee_0x80fb784b,true,false,28,28,2,0,0,./abis/uniswap_v2_router.json,ETH,LEND,0x7a250d5630b4cf539739df2c5dacb4c659f2488d
0x6604d060B341af00C3d84938a51308fBC9eD397c+0xdf71d7f3-0x7a250d5630b4cf539739df2c5dacb4c659f2488d+0x38ed1739:0xc02aaa39_0x80fb784b,true,false,27,27,2,0,0,./abis/uniswap_v2_router.json,WETH,LEND,0x7a250d5630b4cf539739df2c5dacb4c659f2488d
0x8c412a045dd7546f7f44fec5fcaf1f38ca10e66b+0x1e1401f8-0x8c412a045dd7546f7f44fec5fcaf1f38ca10e66b+0xd5bcb9b5:0xa0b86991_0xdac17f95,true,false,26,26,3,0,0,./abis/mooniswap.json,USDC,USDT,0x8c412a045dd7546f7f44fec5fcaf1f38ca10e66b
0x58045595e4D6a5711f46633fcCC12efE2fAE244e+0x00cc232f-0x45F783CCE6B7FF23B2ab2D70e416cdb7D6055f51+0xa6417ed6:0x6b175474_0x00000000,true,false,24,24,0,0,0,./abis/curve.json,DAI,TUSD,0x45F783CCE6B7FF23B2ab2D70e416cdb7D6055f51
0x61bb2fda13600c497272a8dd029313afdb125fd3+0x1e1401f8-0x61bb2fda13600c497272a8dd029313afdb125fd3+0xd5bcb9b5:0xeeeeeeee_0xa0b86991,true,false,13,13,0,0,0,./abis/mooniswap.json,ETH,USDC,0x61bb2fda13600c497272a8dd029313afdb125fd3
0x6604d060B341af00C3d84938a51308fBC9eD397c+0xdf71d7f3-0x7a250d5630b4cf539739df2c5dacb4c659f2488d+0x38ed1739:0x6b175474_0xc02aaa39,true,false,13,13,8,0,0,./abis/uniswap_v2_router.json,DAI,WETH,0x7a250d5630b4cf539739df2c5dacb4c659f2488d
0x58045595e4D6a5711f46633fcCC12efE2fAE244e+0x97b5bb2d-0x45F783CCE6B7FF23B2ab2D70e416cdb7D6055f51+0xa6417ed6:0xdac17f95_0x00000000,true,false,12,12,0,0,0,./abis/curve.json,USDT,TUSD,0x45F783CCE6B7FF23B2ab2D70e416cdb7D6055f51
0x6604d060b341af00c3d84938a51308fbc9ed397c+0xdf71d7f3-0xf164fc0ec4e93095b804a4795bbe1e041497b92a+0x7ff36ab5:0xeeeeeeee_0x0d438f3b,true,false,11,11,2,0,0,./abis/uniswap_v2_router.json,ETH,wNXM,0xf164fc0ec4e93095b804a4795bbe1e041497b92a
0xdbfb5e6ac6d512d7c35b937fb7b301e9a963314a+0x7f2b0c09-0xc55458d09ae7b98f23c8d1b977e4ab003b8a3800+0x8201aa3f:0x0d438f3b_0xc02aaa39,true,false,11,11,2,0,0,./abis/balancer_pool.json,wNXM,WETH,0xc55458d09ae7b98f23c8d1b977e4ab003b8a3800
0x6604d060B341af00C3d84938a51308fBC9eD397c+0xdf71d7f3-0x7a250d5630b4cf539739df2c5dacb4c659f2488d+0x38ed1739:0xc02aaa39_0xa0b86991,true,false,11,11,9,0,0,./abis/uniswap_v2_router.json,WETH,USDC,0x7a250d5630b4cf539739df2c5dacb4c659f2488d
0x58045595e4D6a5711f46633fcCC12efE2fAE244e+0x29d3143d-0x45F783CCE6B7FF23B2ab2D70e416cdb7D6055f51+0xa6417ed6:0xa0b86991_0x00000000,true,false,10,10,0,0,0,./abis/curve.json,USDC,TUSD,0x45F783CCE6B7FF23B2ab2D70e416cdb7D6055f51
0x31631b3dd6c697e574d6b886708cd44f5ccf258f+0x1e1401f8-0x31631b3dd6c697e574d6b886708cd44f5ccf258f+0xd5bcb9b5:0x6b175474_0xa0b86991,true,false,9,9,5,0,0,./abis/mooniswap.json,DAI,USDC,0x31631b3dd6c697e574d6b886708cd44f5ccf258f
0xdbfb5e6ac6d512d7c35b937fb7b301e9a963314a+0x7f2b0c09-0x9b208194acc0a8ccb2a8dcafeacfbb7dcc093f81+0x8201aa3f:0xa0b86991_0x6b175474,true,false,8,8,8,0,0,./abis/balancer_pool.json,USDC,DAI,0x9b208194acc0a8ccb2a8dcafeacfbb7dcc093f81
0x6604d060B341af00C3d84938a51308fBC9eD397c+0xdf71d7f3-0x7a250d5630b4cf539739df2c5dacb4c659f2488d+0x38ed1739:0xa0b86991_0xc02aaa39,true,false,6,6,0,0,0,./abis/uniswap_v2_router.json,USDC,WETH,0x7a250d5630b4cf539739df2c5dacb4c659f2488d
0xe9cf7887b93150d4f2da7dfc6d502b216438f244+0x95b68fe7-0xe9cf7887b93150d4f2da7dfc6d502b216438f244+0x95e3c50b:0x5e74c903_0xeeeeeeee,true,false,5,5,0,0,0,./abis/uniswap_v1.json,sETH,ETH,0xe9cf7887b93150d4f2da7dfc6d502b216438f244
0xf173214c720f58e03e194085b1db28b50acdeead+0xcd7724c3-0xf173214c720f58e03e194085b1db28b50acdeead+0xf39b5b9b:0xeeeeeeee_0x51491077,true,false,4,4,0,0,0,./abis/uniswap_v1.json,ETH,LINK,0xf173214c720f58e03e194085b1db28b50acdeead
0x6604d060b341af00c3d84938a51308fbc9ed397c+0xdf71d7f3-0xf164fc0ec4e93095b804a4795bbe1e041497b92a+0x18cbafe5:0xa3bed4e1_0xeeeeeeee,true,false,2,2,0,0,0,./abis/uniswap_v2_router.json,MTA,ETH,0xf164fc0ec4e93095b804a4795bbe1e041497b92a
0x6604d060B341af00C3d84938a51308fBC9eD397c+0xdf71d7f3-0x7a250d5630b4cf539739df2c5dacb4c659f2488d+0x7ff36ab5:0xeeeeeeee_0x0bc529c0,true,false,1,1,0,0,0,./abis/uniswap_v2_router.json,ETH,YFI,0x7a250d5630b4cf539739df2c5dacb4c659f2488d
0xdbfb5e6ac6d512d7c35b937fb7b301e9a963314a+0x7f2b0c09-0x68198e4ed6975204b3467dc217166d9ff1cbb57a+0x8201aa3f:0x8a9c67fe_0xc02aaa39,true,false,1,1,0,0,0,./abis/balancer_pool.json,JRT,WETH,0x68198e4ed6975204b3467dc217166d9ff1cbb57a
0xdbfb5e6ac6d512d7c35b937fb7b301e9a963314a+0x7f2b0c09-0x57755f7dec33320bca83159c26e93751bfd30fbe+0x8201aa3f:0x6b175474_0xa0b86991,true,false,1,1,0,0,0,./abis/balancer_pool.json,DAI,USDC,0x57755f7dec33320bca83159c26e93751bfd30fbe
0x6604d060B341af00C3d84938a51308fBC9eD397c+0xdf71d7f3-0x7a250d5630b4cf539739df2c5dacb4c659f2488d+0x38ed1739:0x0bc529c0_0xa0b86991,true,false,1,1,0,0,0,./abis/uniswap_v2_router.json,YFI,USDC,0x7a250d5630b4cf539739df2c5dacb4c659f2488d
0xb944d13b2f4047fc7bd3f7013bcf01b115fb260d+0xcd7724c3-0xb944d13b2f4047fc7bd3f7013bcf01b115fb260d+0xf39b5b9b:0xeeeeeeee_0x57ab1ec2,false,false,,,,,,./abis/uniswap_v1.json,ETH,sUSD,0xb944d13b2f4047fc7bd3f7013bcf01b115fb260d
0x80324ec8d64425b37f8603a97097da7d493dbc79+0xcd7724c3-0x80324ec8d64425b37f8603a97097da7d493dbc79+0xf39b5b9b:0xeeeeeeee_0x9cb2f26a,false,false,,,,,,./abis/uniswap_v1.json,ETH,DZAR,0x80324ec8d64425b37f8603a97097da7d493dbc79
0x88d2557a4933a3ac821dbfb42357fc8c55464fd2+0x32ffe442-0xe2f2a5c287993345a840db3b0845fbc70f5935a5+0x6e81221c:0xa0b86991_0xdac17f95,false,false,,,,,,./abis/mStable.json,USDC,USDT,0xe2f2a5c287993345a840db3b0845fbc70f5935a5
0x88d2557a4933a3ac821dbfb42357fc8c55464fd2+0x32ffe442-0xe2f2a5c287993345a840db3b0845fbc70f5935a5+0x6e81221c:0x00000000_0xdac17f95,false,false,,,,,,./abis/mStable.json,TUSD,USDT,0xe2f2a5c287993345a840db3b0845fbc70f5935a5
0x88d2557a4933a3ac821dbfb42357fc8c55464fd2+0x32ffe442-0xe2f2a5c287993345a840db3b0845fbc70f5935a5+0x6e81221c:0x6b175474_0xdac17f95,false,false,,,,,,./abis/mStable.json,DAI,USDT,0xe2f2a5c287993345a840db3b0845fbc70f5935a5
0x88d2557a4933a3ac821dbfb42357fc8c55464fd2+0x32ffe442-0xe2f2a5c287993345a840db3b0845fbc70f5935a5+0x6e81221c:0x00000000_0xa0b86991,false,false,,,,,,./abis/mStable.json,TUSD,USDC,0xe2f2a5c287993345a840db3b0845fbc70f5935a5
0x88d2557a4933a3ac821dbfb42357fc8c55464fd2+0x32ffe442-0xe2f2a5c287993345a840db3b0845fbc70f5935a5+0x6e81221c:0x6b175474_0xa0b86991,false,false,,,,,,./abis/mStable.json,DAI,USDC,0xe2f2a5c287993345a840db3b0845fbc70f5935a5
0x88d2557a4933a3ac821dbfb42357fc8c55464fd2+0x32ffe442-0xe2f2a5c287993345a840db3b0845fbc70f5935a5+0x6e81221c:0xa0b86991_0x00000000,false,false,,,,,,./abis/mStable.json,USDC,TUSD,0xe2f2a5c287993345a840db3b0845fbc70f5935a5
0x88d2557a4933a3ac821dbfb42357fc8c55464fd2+0x32ffe442-0xe2f2a5c287993345a840db3b0845fbc70f5935a5+0x6e81221c:0x00000000_0x6b175474,false,false,,,,,,./abis/mStable.json,TUSD,DAI,0xe2f2a5c287993345a840db3b0845fbc70f5935a5
0x88d2557a4933a3ac821dbfb42357fc8c55464fd2+0x32ffe442-0xe2f2a5c287993345a840db3b0845fbc70f5935a5+0x6e81221c:0xdac17f95_0x00000000,false,false,,,,,,./abis/mStable.json,USDT,TUSD,0xe2f2a5c287993345a840db3b0845fbc70f5935a5
0x88d2557a4933a3ac821dbfb42357fc8c55464fd2+0x32ffe442-0xe2f2a5c287993345a840db3b0845fbc70f5935a5+0x6e81221c:0xdac17f95_0xa0b86991,false,false,,,,,,./abis/mStable.json,USDT,USDC,0xe2f2a5c287993345a840db3b0845fbc70f5935a5
0x88d2557a4933a3ac821dbfb42357fc8c55464fd2+0x32ffe442-0xe2f2a5c287993345a840db3b0845fbc70f5935a5+0x6e81221c:0xa0b86991_0x6b175474,false,false,,,,,,./abis/mStable.json,USDC,DAI,0xe2f2a5c287993345a840db3b0845fbc70f5935a5
0x88d2557a4933a3ac821dbfb42357fc8c55464fd2+0x32ffe442-0xe2f2a5c287993345a840db3b0845fbc70f5935a5+0x6e81221c:0x6b175474_0x00000000,false,false,,,,,,./abis/mStable.json,DAI,TUSD,0xe2f2a5c287993345a840db3b0845fbc70f5935a5
0x80324ec8d64425b37f8603a97097da7d493dbc79+0x95b68fe7-0x80324ec8d64425b37f8603a97097da7d493dbc79+0x95e3c50b:0x9cb2f26a_0xeeeeeeee,false,false,,,,,,./abis/uniswap_v1.json,DZAR,ETH,0x80324ec8d64425b37f8603a97097da7d493dbc79
0xb944d13b2f4047fc7bd3f7013bcf01b115fb260d+0x95b68fe7-0xb944d13b2f4047fc7bd3f7013bcf01b115fb260d+0x95e3c50b:0x57ab1ec2_0xeeeeeeee,false,false,,,,,,./abis/uniswap_v1.json,sUSD,ETH,0xb944d13b2f4047fc7bd3f7013bcf01b115fb260d
0xf30fe24b5610e47c9696ed47fc08442f79ada764+0x144a2752-0x794e6e91555438afc3ccf1c5076a74f42133d08d+0x0621b4f6:0x6b175474_0x2260fac5,false,false,,,,,,./abis/oasis.json,DAI,WBTC,0x794e6e91555438afc3ccf1c5076a74f42133d08d
0xf30fe24b5610e47c9696ed47fc08442f79ada764+0x144a2752-0x794e6e91555438afc3ccf1c5076a74f42133d08d+0x0621b4f6:0x2260fac5_0xc02aaa39,false,false,,,,,,./abis/oasis.json,WBTC,WETH,0x794e6e91555438afc3ccf1c5076a74f42133d08d
0xf30fe24b5610e47c9696ed47fc08442f79ada764+0x144a2752-0x794e6e91555438afc3ccf1c5076a74f42133d08d+0x0621b4f6:0x6b175474_0x8e870d67,false,false,,,,,,./abis/oasis.json,DAI,PAX,0x794e6e91555438afc3ccf1c5076a74f42133d08d
0xf30fe24b5610e47c9696ed47fc08442f79ada764+0x144a2752-0x794e6e91555438afc3ccf1c5076a74f42133d08d+0x0621b4f6:0xc02aaa39_0x0d8775f6,false,false,,,,,,./abis/oasis.json,WETH,BAT,0x794e6e91555438afc3ccf1c5076a74f42133d08d
0xf30fe24b5610e47c9696ed47fc08442f79ada764+0x144a2752-0x794e6e91555438afc3ccf1c5076a74f42133d08d+0x0621b4f6:0x6b175474_0xdd974d5c,false,false,,,,,,./abis/oasis.json,DAI,KNC,0x794e6e91555438afc3ccf1c5076a74f42133d08d
0xf30fe24b5610e47c9696ed47fc08442f79ada764+0x144a2752-0x794e6e91555438afc3ccf1c5076a74f42133d08d+0x0621b4f6:0xe41d2489_0xc02aaa39,false,false,,,,,,./abis/oasis.json,ZRX,WETH,0x794e6e91555438afc3ccf1c5076a74f42133d08d
0xf30fe24b5610e47c9696ed47fc08442f79ada764+0x144a2752-0x794e6e91555438afc3ccf1c5076a74f42133d08d+0x0621b4f6:0x6b175474_0x51491077,false,false,,,,,,./abis/oasis.json,DAI,LINK,0x794e6e91555438afc3ccf1c5076a74f42133d08d
0xf30fe24b5610e47c9696ed47fc08442f79ada764+0x144a2752-0x794e6e91555438afc3ccf1c5076a74f42133d08d+0x0621b4f6:0x51491077_0xc02aaa39,false,false,,,,,,./abis/oasis.json,LINK,WETH,0x794e6e91555438afc3ccf1c5076a74f42133d08d
0xf30fe24b5610e47c9696ed47fc08442f79ada764+0x144a2752-0x794e6e91555438afc3ccf1c5076a74f42133d08d+0x0621b4f6:0x6b175474_0x1985365e,false,false,,,,,,./abis/oasis.json,DAI,REP,0x794e6e91555438afc3ccf1c5076a74f42133d08d
0xf30fe24b5610e47c9696ed47fc08442f79ada764+0x144a2752-0x794e6e91555438afc3ccf1c5076a74f42133d08d+0x0621b4f6:0xc00e94cb_0xc02aaa39,false,false,,,,,,./abis/oasis.json,COMP,WETH,0x794e6e91555438afc3ccf1c5076a74f42133d08d
0xf30fe24b5610e47c9696ed47fc08442f79ada764+0x144a2752-0x794e6e91555438afc3ccf1c5076a74f42133d08d+0x0621b4f6:0xe41d2489_0x6b175474,false,false,,,,,,./abis/oasis.json,ZRX,DAI,0x794e6e91555438afc3ccf1c5076a74f42133d08d
0xf30fe24b5610e47c9696ed47fc08442f79ada764+0x144a2752-0x794e6e91555438afc3ccf1c5076a74f42133d08d+0x0621b4f6:0x8e870d67_0x6b175474,false,false,,,,,,./abis/oasis.json,PAX,DAI,0x794e6e91555438afc3ccf1c5076a74f42133d08d
0xf30fe24b5610e47c9696ed47fc08442f79ada764+0x144a2752-0x794e6e91555438afc3ccf1c5076a74f42133d08d+0x0621b4f6:0x1985365e_0x6b175474,false,false,,,,,,./abis/oasis.json,REP,DAI,0x794e6e91555438afc3ccf1c5076a74f42133d08d
0xf30fe24b5610e47c9696ed47fc08442f79ada764+0x144a2752-0x794e6e91555438afc3ccf1c5076a74f42133d08d+0x0621b4f6:0xc02aaa39_0xdd974d5c,false,false,,,,,,./abis/oasis.json,WETH,KNC,0x794e6e91555438afc3ccf1c5076a74f42133d08d
0xf30fe24b5610e47c9696ed47fc08442f79ada764+0x144a2752-0x794e6e91555438afc3ccf1c5076a74f42133d08d+0x0621b4f6:0x0d8775f6_0xc02aaa39,false,false,,,,,,./abis/oasis.json,BAT,WETH,0x794e6e91555438afc3ccf1c5076a74f42133d08d
0xf30fe24b5610e47c9696ed47fc08442f79ada764+0x144a2752-0x794e6e91555438afc3ccf1c5076a74f42133d08d+0x0621b4f6:0xc02aaa39_0xe41d2489,false,false,,,,,,./abis/oasis.json,WETH,ZRX,0x794e6e91555438afc3ccf1c5076a74f42133d08d
0xf30fe24b5610e47c9696ed47fc08442f79ada764+0x144a2752-0x794e6e91555438afc3ccf1c5076a74f42133d08d+0x0621b4f6:0x51491077_0x6b175474,false,false,,,,,,./abis/oasis.json,LINK,DAI,0x794e6e91555438afc3ccf1c5076a74f42133d08d
0xf30fe24b5610e47c9696ed47fc08442f79ada764+0x144a2752-0x794e6e91555438afc3ccf1c5076a74f42133d08d+0x0621b4f6:0xdd974d5c_0x6b175474,false,false,,,,,,./abis/oasis.json,KNC,DAI,0x794e6e91555438afc3ccf1c5076a74f42133d08d
0xf30fe24b5610e47c9696ed47fc08442f79ada764+0x144a2752-0x794e6e91555438afc3ccf1c5076a74f42133d08d+0x0621b4f6:0x6b175474_0xa0b86991,false,false,,,,,,./abis/oasis.json,DAI,USDC,0x794e6e91555438afc3ccf1c5076a74f42133d08d
0xf30fe24b5610e47c9696ed47fc08442f79ada764+0x144a2752-0x794e6e91555438afc3ccf1c5076a74f42133d08d+0x0621b4f6:0xc02aaa39_0xc00e94cb,false,false,,,,,,./abis/oasis.json,WETH,COMP,0x794e6e91555438afc3ccf1c5076a74f42133d08d
0xf30fe24b5610e47c9696ed47fc08442f79ada764+0x144a2752-0x794e6e91555438afc3ccf1c5076a74f42133d08d+0x0621b4f6:0x2260fac5_0x6b175474,false,false,,,,,,./abis/oasis.json,WBTC,DAI,0x794e6e91555438afc3ccf1c5076a74f42133d08d
0xf30fe24b5610e47c9696ed47fc08442f79ada764+0x144a2752-0x794e6e91555438afc3ccf1c5076a74f42133d08d+0x0621b4f6:0x1985365e_0xc02aaa39,false,false,,,,,,./abis/oasis.json,REP,WETH,0x794e6e91555438afc3ccf1c5076a74f42133d08d
0xf30fe24b5610e47c9696ed47fc08442f79ada764+0x144a2752-0x794e6e91555438afc3ccf1c5076a74f42133d08d+0x0621b4f6:0x6b175474_0xe41d2489,false,false,,,,,,./abis/oasis.json,DAI,ZRX,0x794e6e91555438afc3ccf1c5076a74f42133d08d
0xf30fe24b5610e47c9696ed47fc08442f79ada764+0x144a2752-0x794e6e91555438afc3ccf1c5076a74f42133d08d+0x0621b4f6:0xc02aaa39_0x6b175474,false,false,,,,,,./abis/oasis.json,WETH,DAI,0x794e6e91555438afc3ccf1c5076a74f42133d08d
0xf30fe24b5610e47c9696ed47fc08442f79ada764+0x144a2752-0x794e6e91555438afc3ccf1c5076a74f42133d08d+0x0621b4f6:0x6b175474_0xc00e94cb,false,false,,,,,,./abis/oasis.json,DAI,COMP,0x794e6e91555438afc3ccf1c5076a74f42133d08d
0xf30fe24b5610e47c9696ed47fc08442f79ada764+0x144a2752-0x794e6e91555438afc3ccf1c5076a74f42133d08d+0x0621b4f6:0xdd974d5c_0xc02aaa39,false,false,,,,,,./abis/oasis.json,KNC,WETH,0x794e6e91555438afc3ccf1c5076a74f42133d08d
0xf30fe24b5610e47c9696ed47fc08442f79ada764+0x144a2752-0x794e6e91555438afc3ccf1c5076a74f42133d08d+0x0621b4f6:0xc02aaa39_0x2260fac5,false,false,,,,,,./abis/oasis.json,WETH,WBTC,0x794e6e91555438afc3ccf1c5076a74f42133d08d
0xf30fe24b5610e47c9696ed47fc08442f79ada764+0x144a2752-0x794e6e91555438afc3ccf1c5076a74f42133d08d+0x0621b4f6:0xa0b86991_0x6b175474,false,false,,,,,,./abis/oasis.json,USDC,DAI,0x794e6e91555438afc3ccf1c5076a74f42133d08d
0xf30fe24b5610e47c9696ed47fc08442f79ada764+0x144a2752-0x794e6e91555438afc3ccf1c5076a74f42133d08d+0x0621b4f6:0x6b175474_0x0d8775f6,false,false,,,,,,./abis/oasis.json,DAI,BAT,0x794e6e91555438afc3ccf1c5076a74f42133d08d
0xf30fe24b5610e47c9696ed47fc08442f79ada764+0x144a2752-0x794e6e91555438afc3ccf1c5076a74f42133d08d+0x0621b4f6:0x0d8775f6_0x6b175474,false,false,,,,,,./abis/oasis.json,BAT,DAI,0x794e6e91555438afc3ccf1c5076a74f42133d08d
0xf30fe24b5610e47c9696ed47fc08442f79ada764+0x144a2752-0x794e6e91555438afc3ccf1c5076a74f42133d08d+0x0621b4f6:0x6b175474_0xc02aaa39,false,false,,,,,,./abis/oasis.json,DAI,WETH,0x794e6e91555438afc3ccf1c5076a74f42133d08d
0xf30fe24b5610e47c9696ed47fc08442f79ada764+0x144a2752-0x794e6e91555438afc3ccf1c5076a74f42133d08d+0x0621b4f6:0x00000000_0x6b175474,false,false,,,,,,./abis/oasis.json,TUSD,DAI,0x794e6e91555438afc3ccf1c5076a74f42133d08d
0xf30fe24b5610e47c9696ed47fc08442f79ada764+0x144a2752-0x794e6e91555438afc3ccf1c5076a74f42133d08d+0x0621b4f6:0xc02aaa39_0x51491077,false,false,,,,,,./abis/oasis.json,WETH,LINK,0x794e6e91555438afc3ccf1c5076a74f42133d08d
0xf30fe24b5610e47c9696ed47fc08442f79ada764+0x144a2752-0x794e6e91555438afc3ccf1c5076a74f42133d08d+0x0621b4f6:0x6b175474_0x00000000,false,false,,,,,,./abis/oasis.json,DAI,TUSD,0x794e6e91555438afc3ccf1c5076a74f42133d08d
0xf30fe24b5610e47c9696ed47fc08442f79ada764+0x144a2752-0x794e6e91555438afc3ccf1c5076a74f42133d08d+0x0621b4f6:0xc02aaa39_0x1985365e,false,false,,,,,,./abis/oasis.json,WETH,REP,0x794e6e91555438afc3ccf1c5076a74f42133d08d
0xf30fe24b5610e47c9696ed47fc08442f79ada764+0x144a2752-0x794e6e91555438afc3ccf1c5076a74f42133d08d+0x0621b4f6:0xc00e94cb_0x6b175474,false,false,,,,,,./abis/oasis.json,COMP,DAI,0x794e6e91555438afc3ccf1c5076a74f42133d08d
0xdbfb5e6ac6d512d7c35b937fb7b301e9a963314a+0x7f2b0c09-0xbc68fa58930a2f36d37d16f2f7cfebdd2b7902c6+0x8201aa3f:0xa0b86991_0x6b175474,false,false,,,,,,./abis/balancer_pool.json,USDC,DAI,0xbc68fa58930a2f36d37d16f2f7cfebdd2b7902c6
0xdbfb5e6ac6d512d7c35b937fb7b301e9a963314a+0x7f2b0c09-0xbc68fa58930a2f36d37d16f2f7cfebdd2b7902c6+0x8201aa3f:0xa0b86991_0x57ab1ec2,false,false,,,,,,./abis/balancer_pool.json,USDC,sUSD,0xbc68fa58930a2f36d37d16f2f7cfebdd2b7902c6
0xdbfb5e6ac6d512d7c35b937fb7b301e9a963314a+0x7f2b0c09-0xbc68fa58930a2f36d37d16f2f7cfebdd2b7902c6+0x8201aa3f:0xe2f2a5c2_0x57ab1ec2,false,false,,,,,,./abis/balancer_pool.json,mUSD,sUSD,0xbc68fa58930a2f36d37d16f2f7cfebdd2b7902c6
0xdbfb5e6ac6d512d7c35b937fb7b301e9a963314a+0x7f2b0c09-0xbc68fa58930a2f36d37d16f2f7cfebdd2b7902c6+0x8201aa3f:0x6b175474_0x9cb2f26a,false,false,,,,,,./abis/balancer_pool.json,DAI,DZAR,0xbc68fa58930a2f36d37d16f2f7cfebdd2b7902c6
0xdbfb5e6ac6d512d7c35b937fb7b301e9a963314a+0x7f2b0c09-0xbc68fa58930a2f36d37d16f2f7cfebdd2b7902c6+0x8201aa3f:0x9cb2f26a_0x6b175474,false,false,,,,,,./abis/balancer_pool.json,DZAR,DAI,0xbc68fa58930a2f36d37d16f2f7cfebdd2b7902c6
0xdbfb5e6ac6d512d7c35b937fb7b301e9a963314a+0x7f2b0c09-0xbc68fa58930a2f36d37d16f2f7cfebdd2b7902c6+0x8201aa3f:0x57ab1ec2_0xe2f2a5c2,false,false,,,,,,./abis/balancer_pool.json,sUSD,mUSD,0xbc68fa58930a2f36d37d16f2f7cfebdd2b7902c6
0xdbfb5e6ac6d512d7c35b937fb7b301e9a963314a+0x7f2b0c09-0x7f0b4d22b8a9abe2ae9ea1077fe1ab77dc7283a3+0x8201aa3f:0xc02aaa39_0xa0b86991,false,false,,,,,,./abis/balancer_pool.json,WETH,USDC,0x7f0b4d22b8a9abe2ae9ea1077fe1ab77dc7283a3
0xdbfb5e6ac6d512d7c35b937fb7b301e9a963314a+0x7f2b0c09-0xbc68fa58930a2f36d37d16f2f7cfebdd2b7902c6+0x8201aa3f:0x00000000_0x9cb2f26a,false,false,,,,,,./abis/balancer_pool.json,TUSD,DZAR,0xbc68fa58930a2f36d37d16f2f7cfebdd2b7902c6
0xdbfb5e6ac6d512d7c35b937fb7b301e9a963314a+0x7f2b0c09-0xbc68fa58930a2f36d37d16f2f7cfebdd2b7902c6+0x8201aa3f:0xa0b86991_0x9cb2f26a,false,false,,,,,,./abis/balancer_pool.json,USDC,DZAR,0xbc68fa58930a2f36d37d16f2f7cfebdd2b7902c6
0xdbfb5e6ac6d512d7c35b937fb7b301e9a963314a+0x7f2b0c09-0xbc68fa58930a2f36d37d16f2f7cfebdd2b7902c6+0x8201aa3f:0x00000000_0x57ab1ec2,false,false,,,,,,./abis/balancer_pool.json,TUSD,sUSD,0xbc68fa58930a2f36d37d16f2f7cfebdd2b7902c6
0xdbfb5e6ac6d512d7c35b937fb7b301e9a963314a+0x7f2b0c09-0xbc68fa58930a2f36d37d16f2f7cfebdd2b7902c6+0x8201aa3f:0xe2f2a5c2_0xa0b86991,false,false,,,,,,./abis/balancer_pool.json,mUSD,USDC,0xbc68fa58930a2f36d37d16f2f7cfebdd2b7902c6
0xdbfb5e6ac6d512d7c35b937fb7b301e9a963314a+0x7f2b0c09-0xbc68fa58930a2f36d37d16f2f7cfebdd2b7902c6+0x8201aa3f:0x6b175474_0x57ab1ec2,false,false,,,,,,./abis/balancer_pool.json,DAI,sUSD,0xbc68fa58930a2f36d37d16f2f7cfebdd2b7902c6
0xdbfb5e6ac6d512d7c35b937fb7b301e9a963314a+0x7f2b0c09-0xbc68fa58930a2f36d37d16f2f7cfebdd2b7902c6+0x8201aa3f:0xe2f2a5c2_0x00000000,false,false,,,,,,./abis/balancer_pool.json,mUSD,TUSD,0xbc68fa58930a2f36d37d16f2f7cfebdd2b7902c6
0xdbfb5e6ac6d512d7c35b937fb7b301e9a963314a+0x7f2b0c09-0xbc68fa58930a2f36d37d16f2f7cfebdd2b7902c6+0x8201aa3f:0x6b175474_0xe2f2a5c2,false,false,,,,,,./abis/balancer_pool.json,DAI,mUSD,0xbc68fa58930a2f36d37d16f2f7cfebdd2b7902c6
0xdbfb5e6ac6d512d7c35b937fb7b301e9a963314a+0x7f2b0c09-0xbc68fa58930a2f36d37d16f2f7cfebdd2b7902c6+0x8201aa3f:0x57ab1ec2_0x6b175474,false,false,,,,,,./abis/balancer_pool.json,sUSD,DAI,0xbc68fa58930a2f36d37d16f2f7cfebdd2b7902c6
0xdbfb5e6ac6d512d7c35b937fb7b301e9a963314a+0x7f2b0c09-0xbc68fa58930a2f36d37d16f2f7cfebdd2b7902c6+0x8201aa3f:0x6b175474_0xa0b86991,false,false,,,,,,./abis/balancer_pool.json,DAI,USDC,0xbc68fa58930a2f36d37d16f2f7cfebdd2b7902c6
0xdbfb5e6ac6d512d7c35b937fb7b301e9a963314a+0x7f2b0c09-0xbc68fa58930a2f36d37d16f2f7cfebdd2b7902c6+0x8201aa3f:0x9cb2f26a_0x57ab1ec2,false,false,,,,,,./abis/balancer_pool.json,DZAR,sUSD,0xbc68fa58930a2f36d37d16f2f7cfebdd2b7902c6
0xdbfb5e6ac6d512d7c35b937fb7b301e9a963314a+0x7f2b0c09-0x42bec8082f3d5a9db6cddd781ea873957a3711bf+0x8201aa3f:0xc02aaa39_0x0bc529c0,false,false,,,,,,./abis/balancer_pool.json,WETH,YFI,0x42bec8082f3d5a9db6cddd781ea873957a3711bf
0xdbfb5e6ac6d512d7c35b937fb7b301e9a963314a+0x7f2b0c09-0xbc68fa58930a2f36d37d16f2f7cfebdd2b7902c6+0x8201aa3f:0xa0b86991_0x00000000,false,false,,,,,,./abis/balancer_pool.json,USDC,TUSD,0xbc68fa58930a2f36d37d16f2f7cfebdd2b7902c6
0xdbfb5e6ac6d512d7c35b937fb7b301e9a963314a+0x7f2b0c09-0xbc68fa58930a2f36d37d16f2f7cfebdd2b7902c6+0x8201aa3f:0x57ab1ec2_0x9cb2f26a,false,false,,,,,,./abis/balancer_pool.json,sUSD,DZAR,0xbc68fa58930a2f36d37d16f2f7cfebdd2b7902c6
0xdbfb5e6ac6d512d7c35b937fb7b301e9a963314a+0x7f2b0c09-0xbc68fa58930a2f36d37d16f2f7cfebdd2b7902c6+0x8201aa3f:0x00000000_0x6b175474,false,false,,,,,,./abis/balancer_pool.json,TUSD,DAI,0xbc68fa58930a2f36d37d16f2f7cfebdd2b7902c6
0xdbfb5e6ac6d512d7c35b937fb7b301e9a963314a+0x7f2b0c09-0x53b89ce35928dda346c574d9105a5479cb87231c+0x8201aa3f:0x6b175474_0xc02aaa39,false,false,,,,,,./abis/balancer_pool.json,DAI,WETH,0x53b89ce35928dda346c574d9105a5479cb87231c
0xdbfb5e6ac6d512d7c35b937fb7b301e9a963314a+0x7f2b0c09-0xbc68fa58930a2f36d37d16f2f7cfebdd2b7902c6+0x8201aa3f:0x57ab1ec2_0x00000000,false,false,,,,,,./abis/balancer_pool.json,sUSD,TUSD,0xbc68fa58930a2f36d37d16f2f7cfebdd2b7902c6
0xdbfb5e6ac6d512d7c35b937fb7b301e9a963314a+0x7f2b0c09-0x4c9207e26c1036c41a4d080d69b9f61300ced7ce+0x8201aa3f:0x1985365e_0xc02aaa39,false,false,,,,,,./abis/balancer_pool.json,REP,WETH,0x4c9207e26c1036c41a4d080d69b9f61300ced7ce
0xdbfb5e6ac6d512d7c35b937fb7b301e9a963314a+0x7f2b0c09-0x4c9207e26c1036c41a4d080d69b9f61300ced7ce+0x8201aa3f:0xc02aaa39_0x1985365e,false,false,,,,,,./abis/balancer_pool.json,WETH,REP,0x4c9207e26c1036c41a4d080d69b9f61300ced7ce
0xdbfb5e6ac6d512d7c35b937fb7b301e9a963314a+0x7f2b0c09-0xbc68fa58930a2f36d37d16f2f7cfebdd2b7902c6+0x8201aa3f:0x57ab1ec2_0xa0b86991,false,false,,,,,,./abis/balancer_pool.json,sUSD,USDC,0xbc68fa58930a2f36d37d16f2f7cfebdd2b7902c6
0xdbfb5e6ac6d512d7c35b937fb7b301e9a963314a+0x7f2b0c09-0x42bec8082f3d5a9db6cddd781ea873957a3711bf+0x8201aa3f:0x0bc529c0_0xc02aaa39,false,false,,,,,,./abis/balancer_pool.json,YFI,WETH,0x42bec8082f3d5a9db6cddd781ea873957a3711bf
0xdbfb5e6ac6d512d7c35b937fb7b301e9a963314a+0x7f2b0c09-0xbc68fa58930a2f36d37d16f2f7cfebdd2b7902c6+0x8201aa3f:0x9cb2f26a_0xe2f2a5c2,false,false,,,,,,./abis/balancer_pool.json,DZAR,mUSD,0xbc68fa58930a2f36d37d16f2f7cfebdd2b7902c6
0xdbfb5e6ac6d512d7c35b937fb7b301e9a963314a+0x7f2b0c09-0xbc68fa58930a2f36d37d16f2f7cfebdd2b7902c6+0x8201aa3f:0x00000000_0xa0b86991,false,false,,,,,,./abis/balancer_pool.json,TUSD,USDC,0xbc68fa58930a2f36d37d16f2f7cfebdd2b7902c6
0xdbfb5e6ac6d512d7c35b937fb7b301e9a963314a+0x7f2b0c09-0xbc68fa58930a2f36d37d16f2f7cfebdd2b7902c6+0x8201aa3f:0xe2f2a5c2_0x6b175474,false,false,,,,,,./abis/balancer_pool.json,mUSD,DAI,0xbc68fa58930a2f36d37d16f2f7cfebdd2b7902c6
0xdbfb5e6ac6d512d7c35b937fb7b301e9a963314a+0x7f2b0c09-0xbc68fa58930a2f36d37d16f2f7cfebdd2b7902c6+0x8201aa3f:0x9cb2f26a_0xa0b86991,false,false,,,,,,./abis/balancer_pool.json,DZAR,USDC,0xbc68fa58930a2f36d37d16f2f7cfebdd2b7902c6
0xdbfb5e6ac6d512d7c35b937fb7b301e9a963314a+0x7f2b0c09-0xbc68fa58930a2f36d37d16f2f7cfebdd2b7902c6+0x8201aa3f:0xa0b86991_0xe2f2a5c2,false,false,,,,,,./abis/balancer_pool.json,USDC,mUSD,0xbc68fa58930a2f36d37d16f2f7cfebdd2b7902c6
0xdbfb5e6ac6d512d7c35b937fb7b301e9a963314a+0x7f2b0c09-0xbc68fa58930a2f36d37d16f2f7cfebdd2b7902c6+0x8201aa3f:0xe2f2a5c2_0x9cb2f26a,false,false,,,,,,./abis/balancer_pool.json,mUSD,DZAR,0xbc68fa58930a2f36d37d16f2f7cfebdd2b7902c6
0xdbfb5e6ac6d512d7c35b937fb7b301e9a963314a+0x7f2b0c09-0xbc68fa58930a2f36d37d16f2f7cfebdd2b7902c6+0x8201aa3f:0x6b175474_0x00000000,false,false,,,,,,./abis/balancer_pool.json,DAI,TUSD,0xbc68fa58930a2f36d37d16f2f7cfebdd2b7902c6
0xdbfb5e6ac6d512d7c35b937fb7b301e9a963314a+0x7f2b0c09-0xbc68fa58930a2f36d37d16f2f7cfebdd2b7902c6+0x8201aa3f:0x9cb2f26a_0x00000000,false,false,,,,,,./abis/balancer_pool.json,DZAR,TUSD,0xbc68fa58930a2f36d37d16f2f7cfebdd2b7902c6
0xdbfb5e6ac6d512d7c35b937fb7b301e9a963314a+0x7f2b0c09-0xbc68fa58930a2f36d37d16f2f7cfebdd2b7902c6+0x8201aa3f:0x00000000_0xe2f2a5c2,false,false,,,,,,./abis/balancer_pool.json,TUSD,mUSD,0xbc68fa58930a2f36d37d16f2f7cfebdd2b7902c6
0xdbfb5e6ac6d512d7c35b937fb7b301e9a963314a+0x7f2b0c09-0x7f0b4d22b8a9abe2ae9ea1077fe1ab77dc7283a3+0x8201aa3f:0xa0b86991_0xc02aaa39,false,false,,,,,,./abis/balancer_pool.json,USDC,WETH,0x7f0b4d22b8a9abe2ae9ea1077fe1ab77dc7283a3
0xdbfb5e6ac6d512d7c35b937fb7b301e9a963314a+0x7f2b0c09-0x53b89ce35928dda346c574d9105a5479cb87231c+0x8201aa3f:0xc02aaa39_0x6b175474,false,false,,,,,,./abis/balancer_pool.json,WETH,DAI,0x53b89ce35928dda346c574d9105a5479cb87231c
0x19ca9600e4d98c54693554a49ecf263381887156+0x174c9bea-0x39aa39c021dfbae8fac545936693ac917d5e7563+0xdb006a75:0x39aa39c0_0xa0b86991,true,false,,,,,,./abis/0x39aa39c021dfbae8fac545936693ac917d5e7563.json,cUSDC,USDC,0x39aa39c021dfbae8fac545936693ac917d5e7563
0x2180b18688cb88e7954d8446ded4a09bf01a09ef+0x174c9bea-0x5d3a536e4d6dbd6114cc1ead35777bab948e3643+0xdb006a75:0x5d3a536e_0x6b175474,true,false,,,,,,./abis/0x5d3a536e4d6dbd6114cc1ead35777bab948e3643.json,cDAI,DAI,0x5d3a536e4d6dbd6114cc1ead35777bab948e3643
0x0a19d58f0d66faf2c92e893b64ca78cd6c2701b1+0x174c9bea-0xf5dce57282a584d2746faf1593d3121fcac444dc+0xdb006a75:0xf5dce572_0x89d24a6b,true,false,,,,,,./abis/0xf5dce57282a584d2746faf1593d3121fcac444dc.json,cSAI,SAI,0xf5dce57282a584d2746faf1593d3121fcac444dc
0x45a2fdfed7f7a2c791fb1bdf6075b83fad821dde+0xcd7724c3-0x45a2fdfed7f7a2c791fb1bdf6075b83fad821dde+0xf39b5b9b:0xeeeeeeee_0xf5dce572,true,false,,,,,,./abis/uniswap_v1.json,ETH,cSAI,0x45a2fdfed7f7a2c791fb1bdf6075b83fad821dde
0xf506828b166de88ca2edb2a98d960abba0d2402a+0xcd7724c3-0xf506828b166de88ca2edb2a98d960abba0d2402a+0xf39b5b9b:0xeeeeeeee_0x93ed3fbe,true,false,,,,,,./abis/uniswap_v1.json,ETH,PNK,0xf506828b166de88ca2edb2a98d960abba0d2402a
0x34e89740adf97c3a9d3f63cc2ce4a914382c230b+0xcd7724c3-0x34e89740adf97c3a9d3f63cc2ce4a914382c230b+0xf39b5b9b:0xeeeeeeee_0x5d3a536e,true,false,,,,,,./abis/uniswap_v1.json,ETH,cDAI,0x34e89740adf97c3a9d3f63cc2ce4a914382c230b
0x09cabec1ead1c0ba254b09efb3ee13841712be14+0xcd7724c3-0x09cabec1ead1c0ba254b09efb3ee13841712be14+0xf39b5b9b:0xeeeeeeee_0x89d24a6b,true,false,,,,,,./abis/uniswap_v1.json,ETH,SAI,0x09cabec1ead1c0ba254b09efb3ee13841712be14
0xe9cf7887b93150d4f2da7dfc6d502b216438f244+0xcd7724c3-0xe9cf7887b93150d4f2da7dfc6d502b216438f244+0xf39b5b9b:0xeeeeeeee_0x5e74c903,true,false,,,,,,./abis/uniswap_v1.json,ETH,sETH,0xe9cf7887b93150d4f2da7dfc6d502b216438f244
0x3958b4ec427f8fa24eb60f42821760e88d485f7f+0xcd7724c3-0x3958b4ec427f8fa24eb60f42821760e88d485f7f+0xf39b5b9b:0xeeeeeeee_0xc011a724,true,false,,,,,,./abis/uniswap_v1.json,ETH,SNX,0x3958b4ec427f8fa24eb60f42821760e88d485f7f
0x6264c8d158f32bd8c01b8a0102b57dfcfcfb8561+0xcd7724c3-0x6264c8d158f32bd8c01b8a0102b57dfcfcfb8561+0xf39b5b9b:0xeeeeeeee_0x04fa0d23,true,false,,,,,,./abis/uniswap_v1.json,ETH,UMA,0x6264c8d158f32bd8c01b8a0102b57dfcfcfb8561
0x2e642b8d59b45a1d8c5aef716a84ff44ea665914+0xcd7724c3-0x2e642b8d59b45a1d8c5aef716a84ff44ea665914+0xf39b5b9b:0xeeeeeeee_0x0d8775f6,true,false,,,,,,./abis/uniswap_v1.json,ETH,BAT,0x2e642b8d59b45a1d8c5aef716a84ff44ea665914
0x3fb2f18065926ddb33e7571475c509541d15da0e+0xcd7724c3-0x3fb2f18065926ddb33e7571475c509541d15da0e+0xf39b5b9b:0xeeeeeeee_0xb4efd85c,true,false,,,,,,./abis/uniswap_v1.json,ETH,RPL,0x3fb2f18065926ddb33e7571475c509541d15da0e
0xb791c10824296881f91bdbc16367bbd9743fd99b+0xcd7724c3-0xb791c10824296881f91bdbc16367bbd9743fd99b+0xf39b5b9b:0xeeeeeeee_0x39aa39c0,true,false,,,,,,./abis/uniswap_v1.json,ETH,cUSDC,0xb791c10824296881f91bdbc16367bbd9743fd99b
0x44081514951b9cecf2e343bda45651e3eb27ea0c+0x92e357c4-0xa2b47e3d5c44877cca798226b7b8118f9bfb7a56+0x3df02124:0x39aa39c0_0x5d3a536e,true,false,,,,,,./abis/curve.json,cUSDC,cDAI,0xa2b47e3d5c44877cca798226b7b8118f9bfb7a56
0x7fc77b5c7614e1533320ea6ddc2eb61fa00a9714+0x5e0d443f-0x7fc77b5c7614e1533320ea6ddc2eb61fa00a9714+0x3df02124:0xeb4c2781_0xfe18be6b,true,false,,,,,,./abis/curve.json,renBTC,sBTC,0x7fc77b5c7614e1533320ea6ddc2eb61fa00a9714
0x7fc77b5c7614e1533320ea6ddc2eb61fa00a9714+0x5e0d443f-0x7fc77b5c7614e1533320ea6ddc2eb61fa00a9714+0x3df02124:0xfe18be6b_0xeb4c2781,true,false,,,,,,./abis/curve.json,sBTC,renBTC,0x7fc77b5c7614e1533320ea6ddc2eb61fa00a9714
0x44081514951b9cecf2e343bda45651e3eb27ea0c+0x05c9b78d-0xa2b47e3d5c44877cca798226b7b8118f9bfb7a56+0x3df02124:0x5d3a536e_0x39aa39c0,true,false,,,,,,./abis/curve.json,cDAI,cUSDC,0xa2b47e3d5c44877cca798226b7b8118f9bfb7a56
0x7fc77b5c7614e1533320ea6ddc2eb61fa00a9714+0x5e0d443f-0x7fc77b5c7614e1533320ea6ddc2eb61fa00a9714+0x3df02124:0x2260fac5_0xfe18be6b,true,false,,,,,,./abis/curve.json,WBTC,sBTC,0x7fc77b5c7614e1533320ea6ddc2eb61fa00a9714
0x7fc77b5c7614e1533320ea6ddc2eb61fa00a9714+0x5e0d443f-0x7fc77b5c7614e1533320ea6ddc2eb61fa00a9714+0x3df02124:0xfe18be6b_0x2260fac5,true,false,,,,,,./abis/curve.json,sBTC,WBTC,0x7fc77b5c7614e1533320ea6ddc2eb61fa00a9714
0x34e89740adf97c3a9d3f63cc2ce4a914382c230b+0x95b68fe7-0x34e89740adf97c3a9d3f63cc2ce4a914382c230b+0x95e3c50b:0x5d3a536e_0xeeeeeeee,true,false,,,,,,./abis/uniswap_v1.json,cDAI,ETH,0x34e89740adf97c3a9d3f63cc2ce4a914382c230b
0x3958b4ec427f8fa24eb60f42821760e88d485f7f+0x95b68fe7-0x3958b4ec427f8fa24eb60f42821760e88d485f7f+0x95e3c50b:0xc011a724_0xeeeeeeee,true,false,,,,,,./abis/uniswap_v1.json,SNX,ETH,0x3958b4ec427f8fa24eb60f42821760e88d485f7f
0x6264c8d158f32bd8c01b8a0102b57dfcfcfb8561+0x95b68fe7-0x6264c8d158f32bd8c01b8a0102b57dfcfcfb8561+0x95e3c50b:0x04fa0d23_0xeeeeeeee,true,false,,,,,,./abis/uniswap_v1.json,UMA,ETH,0x6264c8d158f32bd8c01b8a0102b57dfcfcfb8561
0xf506828b166de88ca2edb2a98d960abba0d2402a+0x95b68fe7-0xf506828b166de88ca2edb2a98d960abba0d2402a+0x95e3c50b:0x93ed3fbe_0xeeeeeeee,true,false,,,,,,./abis/uniswap_v1.json,PNK,ETH,0xf506828b166de88ca2edb2a98d960abba0d2402a
0x45a2fdfed7f7a2c791fb1bdf6075b83fad821dde+0x95b68fe7-0x45a2fdfed7f7a2c791fb1bdf6075b83fad821dde+0x95e3c50b:0xf5dce572_0xeeeeeeee,true,false,,,,,,./abis/uniswap_v1.json,cSAI,ETH,0x45a2fdfed7f7a2c791fb1bdf6075b83fad821dde
0xb791c10824296881f91bdbc16367bbd9743fd99b+0x95b68fe7-0xb791c10824296881f91bdbc16367bbd9743fd99b+0x95e3c50b:0x39aa39c0_0xeeeeeeee,true,false,,,,,,./abis/uniswap_v1.json,cUSDC,ETH,0xb791c10824296881f91bdbc16367bbd9743fd99b
0x09cabec1ead1c0ba254b09efb3ee13841712be14+0x95b68fe7-0x09cabec1ead1c0ba254b09efb3ee13841712be14+0x95e3c50b:0x89d24a6b_0xeeeeeeee,true,false,,,,,,./abis/uniswap_v1.json,SAI,ETH,0x09cabec1ead1c0ba254b09efb3ee13841712be14
0x3fb2f18065926ddb33e7571475c509541d15da0e+0x95b68fe7-0x3fb2f18065926ddb33e7571475c509541d15da0e+0x95e3c50b:0xb4efd85c_0xeeeeeeee,true,false,,,,,,./abis/uniswap_v1.json,RPL,ETH,0x3fb2f18065926ddb33e7571475c509541d15da0e
0x2e642b8d59b45a1d8c5aef716a84ff44ea665914+0x95b68fe7-0x2e642b8d59b45a1d8c5aef716a84ff44ea665914+0x95e3c50b:0x0d8775f6_0xeeeeeeee,true,false,,,,,,./abis/uniswap_v1.json,BAT,ETH,0x2e642b8d59b45a1d8c5aef716a84ff44ea665914
0x8c412a045dd7546f7f44fec5fcaf1f38ca10e66b+0x1e1401f8-0x8c412a045dd7546f7f44fec5fcaf1f38ca10e66b+0xd5bcb9b5:0xdac17f95_0xa0b86991,true,false,,,,,,./abis/mooniswap.json,USDT,USDC,0x8c412a045dd7546f7f44fec5fcaf1f38ca10e66b
0xed2c5bac5baedb7a59f8711659294ae3eef656e5+0x1e1401f8-0xed2c5bac5baedb7a59f8711659294ae3eef656e5+0xd5bcb9b5:0x0bc529c0_0xeeeeeeee,true,false,,,,,,./abis/mooniswap.json,YFI,ETH,0xed2c5bac5baedb7a59f8711659294ae3eef656e5
0x3a68f7cf52bebb84e1a491b10af8397b7e3fd9bd+0x1e1401f8-0x3a68f7cf52bebb84e1a491b10af8397b7e3fd9bd+0xd5bcb9b5:0xdf5e0e81_0x9cb2f26a,true,false,,,,,,./abis/mooniswap.json,yDAI+yUSDC+yUSDT+yTUSD,DZAR,0x3a68f7cf52bebb84e1a491b10af8397b7e3fd9bd
0xfd23a010312c48357ef72ba64affa01278ffc898+0x1e1401f8-0xfd23a010312c48357ef72ba64affa01278ffc898+0xd5bcb9b5:0xa0b86991_0x00000000,true,false,,,,,,./abis/mooniswap.json,USDC,TUSD,0xfd23a010312c48357ef72ba64affa01278ffc898
0xe435cb6aca58dc49bda79753eed8c0fa6ed96e5d+0x1e1401f8-0xe435cb6aca58dc49bda79753eed8c0fa6ed96e5d+0xd5bcb9b5:0x56d81108_0xeeeeeeee,true,false,,,,,,./abis/mooniswap.json,BZRX,ETH,0xe435cb6aca58dc49bda79753eed8c0fa6ed96e5d
0x0e8f25fd45eee90733c46853bcc8b05494e10573+0x1e1401f8-0x0e8f25fd45eee90733c46853bcc8b05494e10573+0xd5bcb9b5:0x6b175474_0xdf5e0e81,true,false,,,,,,./abis/mooniswap.json,DAI,yDAI+yUSDC+yUSDT+yTUSD,0x0e8f25fd45eee90733c46853bcc8b05494e10573
0x3863fc8c1cc59f160280f5d3e4c1a4c63f945ce3+0x1e1401f8-0x3863fc8c1cc59f160280f5d3e4c1a4c63f945ce3+0xd5bcb9b5:0xeeeeeeee_0x80fb784b,true,false,,,,,,./abis/mooniswap.json,ETH,LEND,0x3863fc8c1cc59f160280f5d3e4c1a4c63f945ce3
0xe435cb6aca58dc49bda79753eed8c0fa6ed96e5d+0x1e1401f8-0xe435cb6aca58dc49bda79753eed8c0fa6ed96e5d+0xd5bcb9b5:0xeeeeeeee_0x56d81108,true,false,,,,,,./abis/mooniswap.json,ETH,BZRX,0xe435cb6aca58dc49bda79753eed8c0fa6ed96e5d
0xfd23a010312c48357ef72ba64affa01278ffc898+0x1e1401f8-0xfd23a010312c48357ef72ba64affa01278ffc898+0xd5bcb9b5:0x00000000_0xa0b86991,true,false,,,,,,./abis/mooniswap.json,TUSD,USDC,0xfd23a010312c48357ef72ba64affa01278ffc898
0x3a68f7cf52bebb84e1a491b10af8397b7e3fd9bd+0x1e1401f8-0x3a68f7cf52bebb84e1a491b10af8397b7e3fd9bd+0xd5bcb9b5:0x9cb2f26a_0xdf5e0e81,true,false,,,,,,./abis/mooniswap.json,DZAR,yDAI+yUSDC+yUSDT+yTUSD,0x3a68f7cf52bebb84e1a491b10af8397b7e3fd9bd
0x31631b3dd6c697e574d6b886708cd44f5ccf258f+0x1e1401f8-0x31631b3dd6c697e574d6b886708cd44f5ccf258f+0xd5bcb9b5:0xa0b86991_0x6b175474,true,false,,,,,,./abis/mooniswap.json,USDC,DAI,0x31631b3dd6c697e574d6b886708cd44f5ccf258f
0x3377790759732282873957d06202d6525816e362+0x7d5a4621-0xa5407eae9ba41422680e2e00537571bcc53efbfd+0xa6417ed6:0x57ab1ec2_0xa0b86991,true,false,,,,,,./abis/curve.json,sUSD,USDC,0xa5407eae9ba41422680e2e00537571bcc53efbfd
0x3377790759732282873957d06202d6525816e362+0xc8b3505b-0xa5407eae9ba41422680e2e00537571bcc53efbfd+0xa6417ed6:0x57ab1ec2_0x6b175474,true,false,,,,,,./abis/curve.json,sUSD,DAI,0xa5407eae9ba41422680e2e00537571bcc53efbfd
0x3377790759732282873957d06202d6525816e362+0xda234b57-0xa5407eae9ba41422680e2e00537571bcc53efbfd+0xa6417ed6:0x57ab1ec2_0xdac17f95,true,false,,,,,,./abis/curve.json,sUSD,USDT,0xa5407eae9ba41422680e2e00537571bcc53efbfd
0x3377790759732282873957d06202d6525816e362+0x7cf50cd8-0xa5407eae9ba41422680e2e00537571bcc53efbfd+0xa6417ed6:0xa0b86991_0x57ab1ec2,true,false,,,,,,./abis/curve.json,USDC,sUSD,0xa5407eae9ba41422680e2e00537571bcc53efbfd
0x3377790759732282873957d06202d6525816e362+0xbde80d26-0xa5407eae9ba41422680e2e00537571bcc53efbfd+0xa6417ed6:0x6b175474_0x57ab1ec2,true,false,,,,,,./abis/curve.json,DAI,sUSD,0xa5407eae9ba41422680e2e00537571bcc53efbfd
0x3377790759732282873957d06202d6525816e362+0x24e3698d-0xa5407eae9ba41422680e2e00537571bcc53efbfd+0xa6417ed6:0xdac17f95_0x57ab1ec2,true,false,,,,,,./abis/curve.json,USDT,sUSD,0xa5407eae9ba41422680e2e00537571bcc53efbfd
0x6604d060B341af00C3d84938a51308fBC9eD397c+0xdf71d7f3-0x7a250d5630b4cf539739df2c5dacb4c659f2488d+0x7ff36ab5:0xeeeeeeee_0xa1d0e215,true,false,,,,,,./abis/uniswap_v2_router.json,ETH,YFII,0x7a250d5630b4cf539739df2c5dacb4c659f2488d
0x6604d060B341af00C3d84938a51308fBC9eD397c+0xdf71d7f3-0x7a250d5630b4cf539739df2c5dacb4c659f2488d+0x7ff36ab5:0xeeeeeeee_0xb4efd85c,true,false,,,,,,./abis/uniswap_v2_router.json,ETH,RPL,0x7a250d5630b4cf539739df2c5dacb4c659f2488d
0x6604d060B341af00C3d84938a51308fBC9eD397c+0xdf71d7f3-0x7a250d5630b4cf539739df2c5dacb4c659f2488d+0x7ff36ab5:0xeeeeeeee_0x1985365e,true,false,,,,,,./abis/uniswap_v2_router.json,ETH,REP,0x7a250d5630b4cf539739df2c5dacb4c659f2488d
0x6604d060B341af00C3d84938a51308fBC9eD397c+0xdf71d7f3-0x7a250d5630b4cf539739df2c5dacb4c659f2488d+0x7ff36ab5:0xeeeeeeee_0x5e74c903,true,false,,,,,,./abis/uniswap_v2_router.json,ETH,sETH,0x7a250d5630b4cf539739df2c5dacb4c659f2488d
0x6604d060B341af00C3d84938a51308fBC9eD397c+0xdf71d7f3-0x7a250d5630b4cf539739df2c5dacb4c659f2488d+0x7ff36ab5:0xeeeeeeee_0x84ca8bc7,true,false,,,,,,./abis/uniswap_v2_router.json,ETH,DIA,0x7a250d5630b4cf539739df2c5dacb4c659f2488d
0x6604d060B341af00C3d84938a51308fBC9eD397c+0xdf71d7f3-0x7a250d5630b4cf539739df2c5dacb4c659f2488d+0x7ff36ab5:0xeeeeeeee_0x9f8f72aa,true,false,,,,,,./abis/uniswap_v2_router.json,ETH,MKR,0x7a250d5630b4cf539739df2c5dacb4c659f2488d
0x6604d060B341af00C3d84938a51308fBC9eD397c+0xdf71d7f3-0x7a250d5630b4cf539739df2c5dacb4c659f2488d+0x7ff36ab5:0xeeeeeeee_0x51491077,true,false,,,,,,./abis/uniswap_v2_router.json,ETH,LINK,0x7a250d5630b4cf539739df2c5dacb4c659f2488d
0x6604d060B341af00C3d84938a51308fBC9eD397c+0xdf71d7f3-0x7a250d5630b4cf539739df2c5dacb4c659f2488d+0x7ff36ab5:0xeeeeeeee_0xd533a949,true,false,,,,,,./abis/uniswap_v2_router.json,ETH,CRV,0x7a250d5630b4cf539739df2c5dacb4c659f2488d
0x6604d060B341af00C3d84938a51308fBC9eD397c+0xdf71d7f3-0x7a250d5630b4cf539739df2c5dacb4c659f2488d+0x7ff36ab5:0xeeeeeeee_0xeb4c2781,true,false,,,,,,./abis/uniswap_v2_router.json,ETH,renBTC,0x7a250d5630b4cf539739df2c5dacb4c659f2488d
0x6604d060B341af00C3d84938a51308fBC9eD397c+0xdf71d7f3-0x7a250d5630b4cf539739df2c5dacb4c659f2488d+0x7ff36ab5:0xeeeeeeee_0xd46ba6d9,true,false,,,,,,./abis/uniswap_v2_router.json,ETH,AMPL,0x7a250d5630b4cf539739df2c5dacb4c659f2488d
0x6604d060B341af00C3d84938a51308fBC9eD397c+0xdf71d7f3-0x7a250d5630b4cf539739df2c5dacb4c659f2488d+0x7ff36ab5:0xeeeeeeee_0xba100000,true,false,,,,,,./abis/uniswap_v2_router.json,ETH,BAL,0x7a250d5630b4cf539739df2c5dacb4c659f2488d
0x6604d060B341af00C3d84938a51308fBC9eD397c+0xdf71d7f3-0x7a250d5630b4cf539739df2c5dacb4c659f2488d+0x7ff36ab5:0xeeeeeeee_0x9cb2f26a,true,false,,,,,,./abis/uniswap_v2_router.json,ETH,DZAR,0x7a250d5630b4cf539739df2c5dacb4c659f2488d
0x6604d060B341af00C3d84938a51308fBC9eD397c+0xdf71d7f3-0x7a250d5630b4cf539739df2c5dacb4c659f2488d+0x7ff36ab5:0xeeeeeeee_0x39aa39c0,true,false,,,,,,./abis/uniswap_v2_router.json,ETH,cUSDC,0x7a250d5630b4cf539739df2c5dacb4c659f2488d
0x6604d060B341af00C3d84938a51308fBC9eD397c+0xdf71d7f3-0x7a250d5630b4cf539739df2c5dacb4c659f2488d+0x7ff36ab5:0xeeeeeeee_0xa3bed4e1,true,false,,,,,,./abis/uniswap_v2_router.json,ETH,MTA,0x7a250d5630b4cf539739df2c5dacb4c659f2488d
0x6604d060B341af00C3d84938a51308fBC9eD397c+0xdf71d7f3-0x7a250d5630b4cf539739df2c5dacb4c659f2488d+0x7ff36ab5:0xeeeeeeee_0x0d8775f6,true,false,,,,,,./abis/uniswap_v2_router.json,ETH,BAT,0x7a250d5630b4cf539739df2c5dacb4c659f2488d
0x6604d060B341af00C3d84938a51308fBC9eD397c+0xdf71d7f3-0x7a250d5630b4cf539739df2c5dacb4c659f2488d+0x7ff36ab5:0xeeeeeeee_0x22165777,true,false,,,,,,./abis/uniswap_v2_router.json,ETH,REPv2,0x7a250d5630b4cf539739df2c5dacb4c659f2488d
0x6604d060b341af00c3d84938a51308fbc9ed397c+0xdf71d7f3-0x7a250d5630b4cf539739df2c5dacb4c659f2488d+0x7ff36ab5:0xeeeeeeee_0x0e2298e3,true,false,,,,,,./abis/uniswap_v2_router.json,ETH,YAM,0x7a250d5630b4cf539739df2c5dacb4c659f2488d
0xdbfb5e6ac6d512d7c35b937fb7b301e9a963314a+0x7f2b0c09-0xe969991ce475bcf817e01e1aad4687da7e1d6f83+0x8201aa3f:0xc02aaa39_0xa0b86991,true,false,,,,,,./abis/balancer_pool.json,WETH,USDC,0xe969991ce475bcf817e01e1aad4687da7e1d6f83
0xdbfb5e6ac6d512d7c35b937fb7b301e9a963314a+0x7f2b0c09-0x68198e4ed6975204b3467dc217166d9ff1cbb57a+0x8201aa3f:0xc02aaa39_0x8a9c67fe,true,false,,,,,,./abis/balancer_pool.json,WETH,JRT,0x68198e4ed6975204b3467dc217166d9ff1cbb57a
0xdbfb5e6ac6d512d7c35b937fb7b301e9a963314a+0x7f2b0c09-0xc0b2b0c5376cb2e6f73b473a7caa341542f707ce+0x8201aa3f:0xc02aaa39_0x57ab1ec2,true,false,,,,,,./abis/balancer_pool.json,WETH,sUSD,0xc0b2b0c5376cb2e6f73b473a7caa341542f707ce
0xdbfb5e6ac6d512d7c35b937fb7b301e9a963314a+0x7f2b0c09-0xc0b2b0c5376cb2e6f73b473a7caa341542f707ce+0x8201aa3f:0x6b175474_0xa0b86991,true,false,,,,,,./abis/balancer_pool.json,DAI,USDC,0xc0b2b0c5376cb2e6f73b473a7caa341542f707ce
0xdbfb5e6ac6d512d7c35b937fb7b301e9a963314a+0x7f2b0c09-0x72cd8f4504941bf8c5a21d1fd83a96499fd71d2c+0x8201aa3f:0xa0b86991_0xe2f2a5c2,true,false,,,,,,./abis/balancer_pool.json,USDC,mUSD,0x72cd8f4504941bf8c5a21d1fd83a96499fd71d2c
0xdbfb5e6ac6d512d7c35b937fb7b301e9a963314a+0x7f2b0c09-0x88daa4e6c2525b126c977c7d0da86710d93ed1b2+0x8201aa3f:0x57ab1ec2_0x80fb784b,true,false,,,,,,./abis/balancer_pool.json,sUSD,LEND,0x88daa4e6c2525b126c977c7d0da86710d93ed1b2
0xdbfb5e6ac6d512d7c35b937fb7b301e9a963314a+0x7f2b0c09-0xc55458d09ae7b98f23c8d1b977e4ab003b8a3800+0x8201aa3f:0xc02aaa39_0x0d438f3b,true,false,,,,,,./abis/balancer_pool.json,WETH,wNXM,0xc55458d09ae7b98f23c8d1b977e4ab003b8a3800
0xdbfb5e6ac6d512d7c35b937fb7b301e9a963314a+0x7f2b0c09-0xc0b2b0c5376cb2e6f73b473a7caa341542f707ce+0x8201aa3f:0xa0b86991_0x6b175474,true,false,,,,,,./abis/balancer_pool.json,USDC,DAI,0xc0b2b0c5376cb2e6f73b473a7caa341542f707ce
0xdbfb5e6ac6d512d7c35b937fb7b301e9a963314a+0x7f2b0c09-0xe036cce08cf4e23d33bc6b18e53caf532afa8513+0x8201aa3f:0xc02aaa39_0xe2f2a5c2,true,false,,,,,,./abis/balancer_pool.json,WETH,mUSD,0xe036cce08cf4e23d33bc6b18e53caf532afa8513
0xdbfb5e6ac6d512d7c35b937fb7b301e9a963314a+0x7f2b0c09-0x4019ba88158daa468a063ac48171a3bfe8cd9f3b+0x8201aa3f:0xe2f2a5c2_0xa3bed4e1,true,false,,,,,,./abis/balancer_pool.json,mUSD,MTA,0x4019ba88158daa468a063ac48171a3bfe8cd9f3b
0xdbfb5e6ac6d512d7c35b937fb7b301e9a963314a+0x7f2b0c09-0x01d7e6a79f6e6dc6f0884743078f76ac1239520a+0x8201aa3f:0x8a9c67fe_0xa0b86991,true,false,,,,,,./abis/balancer_pool.json,JRT,USDC,0x01d7e6a79f6e6dc6f0884743078f76ac1239520a
0xdbfb5e6ac6d512d7c35b937fb7b301e9a963314a+0x7f2b0c09-0xc0b2b0c5376cb2e6f73b473a7caa341542f707ce+0x8201aa3f:0x57ab1ec2_0xc02aaa39,true,false,,,,,,./abis/balancer_pool.json,sUSD,WETH,0xc0b2b0c5376cb2e6f73b473a7caa341542f707ce
0xdbfb5e6ac6d512d7c35b937fb7b301e9a963314a+0x7f2b0c09-0xc0b2b0c5376cb2e6f73b473a7caa341542f707ce+0x8201aa3f:0x6b175474_0x57ab1ec2,true,false,,,,,,./abis/balancer_pool.json,DAI,sUSD,0xc0b2b0c5376cb2e6f73b473a7caa341542f707ce
0xdbfb5e6ac6d512d7c35b937fb7b301e9a963314a+0x7f2b0c09-0xc0b2b0c5376cb2e6f73b473a7caa341542f707ce+0x8201aa3f:0x57ab1ec2_0xa0b86991,true,false,,,,,,./abis/balancer_pool.json,sUSD,USDC,0xc0b2b0c5376cb2e6f73b473a7caa341542f707ce
0xdbfb5e6ac6d512d7c35b937fb7b301e9a963314a+0x7f2b0c09-0xe969991ce475bcf817e01e1aad4687da7e1d6f83+0x8201aa3f:0xa0b86991_0xc02aaa39,true,false,,,,,,./abis/balancer_pool.json,USDC,WETH,0xe969991ce475bcf817e01e1aad4687da7e1d6f83
0xdbfb5e6ac6d512d7c35b937fb7b301e9a963314a+0x7f2b0c09-0x5aec4cff7fc3880ade1582e5e37cf89152e70ace+0x8201aa3f:0xc02aaa39_0x408e4187,true,false,,,,,,./abis/balancer_pool.json,WETH,REN,0x5aec4cff7fc3880ade1582e5e37cf89152e70ace
0xdbfb5e6ac6d512d7c35b937fb7b301e9a963314a+0x7f2b0c09-0xb1f9ec02480dd9e16053b010dfc6e6c4b72ecad5+0x8201aa3f:0xc02aaa39_0x04fa0d23,true,false,,,,,,./abis/balancer_pool.json,WETH,UMA,0xb1f9ec02480dd9e16053b010dfc6e6c4b72ecad5
0xdbfb5e6ac6d512d7c35b937fb7b301e9a963314a+0x7f2b0c09-0x003a70265a3662342010823bea15dc84c6f7ed54+0x8201aa3f:0xa3bed4e1_0xe2f2a5c2,true,false,,,,,,./abis/balancer_pool.json,MTA,mUSD,0x003a70265a3662342010823bea15dc84c6f7ed54
0xdbfb5e6ac6d512d7c35b937fb7b301e9a963314a+0x7f2b0c09-0xc0b2b0c5376cb2e6f73b473a7caa341542f707ce+0x8201aa3f:0x6b175474_0xc02aaa39,true,false,,,,,,./abis/balancer_pool.json,DAI,WETH,0xc0b2b0c5376cb2e6f73b473a7caa341542f707ce
0xdbfb5e6ac6d512d7c35b937fb7b301e9a963314a+0x7f2b0c09-0x5aec4cff7fc3880ade1582e5e37cf89152e70ace+0x8201aa3f:0x408e4187_0xc02aaa39,true,false,,,,,,./abis/balancer_pool.json,REN,WETH,0x5aec4cff7fc3880ade1582e5e37cf89152e70ace
0xdbfb5e6ac6d512d7c35b937fb7b301e9a963314a+0x7f2b0c09-0x59a19d8c652fa0284f44113d0ff9aba70bd46fb4+0x8201aa3f:0xba100000_0xc02aaa39,true,false,,,,,,./abis/balancer_pool.json,BAL,WETH,0x59a19d8c652fa0284f44113d0ff9aba70bd46fb4
0xdbfb5e6ac6d512d7c35b937fb7b301e9a963314a+0x7f2b0c09-0x72cd8f4504941bf8c5a21d1fd83a96499fd71d2c+0x8201aa3f:0xe2f2a5c2_0xa0b86991,true,false,,,,,,./abis/balancer_pool.json,mUSD,USDC,0x72cd8f4504941bf8c5a21d1fd83a96499fd71d2c
0xdbfb5e6ac6d512d7c35b937fb7b301e9a963314a+0x7f2b0c09-0x4019ba88158daa468a063ac48171a3bfe8cd9f3b+0x8201aa3f:0xa3bed4e1_0xe2f2a5c2,true,false,,,,,,./abis/balancer_pool.json,MTA,mUSD,0x4019ba88158daa468a063ac48171a3bfe8cd9f3b
0xdbfb5e6ac6d512d7c35b937fb7b301e9a963314a+0x7f2b0c09-0xe036cce08cf4e23d33bc6b18e53caf532afa8513+0x8201aa3f:0xe2f2a5c2_0xc02aaa39,true,false,,,,,,./abis/balancer_pool.json,mUSD,WETH,0xe036cce08cf4e23d33bc6b18e53caf532afa8513
0xdbfb5e6ac6d512d7c35b937fb7b301e9a963314a+0x7f2b0c09-0x2cf9106faf2c5c8713035d40df655fb1b9b0f9b9+0x8201aa3f:0xc02aaa39_0x960b236a,true,false,,,,,,./abis/balancer_pool.json,WETH,ANT,0x2cf9106faf2c5c8713035d40df655fb1b9b0f9b9
0xdbfb5e6ac6d512d7c35b937fb7b301e9a963314a+0x7f2b0c09-0xc0b2b0c5376cb2e6f73b473a7caa341542f707ce+0x8201aa3f:0xa0b86991_0xc02aaa39,true,false,,,,,,./abis/balancer_pool.json,USDC,WETH,0xc0b2b0c5376cb2e6f73b473a7caa341542f707ce
0xdbfb5e6ac6d512d7c35b937fb7b301e9a963314a+0x7f2b0c09-0xc0b2b0c5376cb2e6f73b473a7caa341542f707ce+0x8201aa3f:0xc02aaa39_0xa0b86991,true,false,,,,,,./abis/balancer_pool.json,WETH,USDC,0xc0b2b0c5376cb2e6f73b473a7caa341542f707ce
0xdbfb5e6ac6d512d7c35b937fb7b301e9a963314a+0x7f2b0c09-0x60626db611a9957c1ae4ac5b7ede69e24a3b76c5+0x8201aa3f:0x6b175474_0x0bc529c0,true,false,,,,,,./abis/balancer_pool.json,DAI,YFI,0x60626db611a9957c1ae4ac5b7ede69e24a3b76c5
0xdbfb5e6ac6d512d7c35b937fb7b301e9a963314a+0x7f2b0c09-0x88daa4e6c2525b126c977c7d0da86710d93ed1b2+0x8201aa3f:0x80fb784b_0x57ab1ec2,true,false,,,,,,./abis/balancer_pool.json,LEND,sUSD,0x88daa4e6c2525b126c977c7d0da86710d93ed1b2
0xdbfb5e6ac6d512d7c35b937fb7b301e9a963314a+0x7f2b0c09-0xc0b2b0c5376cb2e6f73b473a7caa341542f707ce+0x8201aa3f:0x57ab1ec2_0x6b175474,true,false,,,,,,./abis/balancer_pool.json,sUSD,DAI,0xc0b2b0c5376cb2e6f73b473a7caa341542f707ce
0xdbfb5e6ac6d512d7c35b937fb7b301e9a963314a+0x7f2b0c09-0xf9ab7776c7baeed1d65f0492fe2bb3951a1787ef+0x8201aa3f:0xba100000_0x2260fac5,true,false,,,,,,./abis/balancer_pool.json,BAL,WBTC,0xf9ab7776c7baeed1d65f0492fe2bb3951a1787ef
0xdbfb5e6ac6d512d7c35b937fb7b301e9a963314a+0x7f2b0c09-0xc0b2b0c5376cb2e6f73b473a7caa341542f707ce+0x8201aa3f:0xc02aaa39_0x6b175474,true,false,,,,,,./abis/balancer_pool.json,WETH,DAI,0xc0b2b0c5376cb2e6f73b473a7caa341542f707ce
0xdbfb5e6ac6d512d7c35b937fb7b301e9a963314a+0x7f2b0c09-0x01d7e6a79f6e6dc6f0884743078f76ac1239520a+0x8201aa3f:0xa0b86991_0x8a9c67fe,true,false,,,,,,./abis/balancer_pool.json,USDC,JRT,0x01d7e6a79f6e6dc6f0884743078f76ac1239520a
0xdbfb5e6ac6d512d7c35b937fb7b301e9a963314a+0x7f2b0c09-0x003a70265a3662342010823bea15dc84c6f7ed54+0x8201aa3f:0xe2f2a5c2_0xa3bed4e1,true,false,,,,,,./abis/balancer_pool.json,mUSD,MTA,0x003a70265a3662342010823bea15dc84c6f7ed54
0xdbfb5e6ac6d512d7c35b937fb7b301e9a963314a+0x7f2b0c09-0xa5da8cc7167070b62fdcb332ef097a55a68d8824+0x8201aa3f:0xa3bed4e1_0xe2f2a5c2,true,false,,,,,,./abis/balancer_pool.json,MTA,mUSD,0xa5da8cc7167070b62fdcb332ef097a55a68d8824
0xdbfb5e6ac6d512d7c35b937fb7b301e9a963314a+0x7f2b0c09-0xa5da8cc7167070b62fdcb332ef097a55a68d8824+0x8201aa3f:0xe2f2a5c2_0xa3bed4e1,true,false,,,,,,./abis/balancer_pool.json,mUSD,MTA,0xa5da8cc7167070b62fdcb332ef097a55a68d8824
0xdbfb5e6ac6d512d7c35b937fb7b301e9a963314a+0x7f2b0c09-0x60626db611a9957c1ae4ac5b7ede69e24a3b76c5+0x8201aa3f:0x0bc529c0_0x6b175474,true,false,,,,,,./abis/balancer_pool.json,YFI,DAI,0x60626db611a9957c1ae4ac5b7ede69e24a3b76c5
0xdbfb5e6ac6d512d7c35b937fb7b301e9a963314a+0x7f2b0c09-0xb1f9ec02480dd9e16053b010dfc6e6c4b72ecad5+0x8201aa3f:0x04fa0d23_0xc02aaa39,true,false,,,,,,./abis/balancer_pool.json,UMA,WETH,0xb1f9ec02480dd9e16053b010dfc6e6c4b72ecad5
0xdbfb5e6ac6d512d7c35b937fb7b301e9a963314a+0x7f2b0c09-0xc0b2b0c5376cb2e6f73b473a7caa341542f707ce+0x8201aa3f:0xa0b86991_0x57ab1ec2,true,false,,,,,,./abis/balancer_pool.json,USDC,sUSD,0xc0b2b0c5376cb2e6f73b473a7caa341542f707ce
0x6604d060B341af00C3d84938a51308fBC9eD397c+0xdf71d7f3-0x7a250d5630b4cf539739df2c5dacb4c659f2488d+0x18cbafe5:0x51491077_0xeeeeeeee,true,false,,,,,,./abis/uniswap_v2_router.json,LINK,WETH,0x7a250d5630b4cf539739df2c5dacb4c659f2488d
0x6604d060B341af00C3d84938a51308fBC9eD397c+0xdf71d7f3-0x7a250d5630b4cf539739df2c5dacb4c659f2488d+0x18cbafe5:0x0e2298e3_0xeeeeeeee,true,false,,,,,,./abis/uniswap_v2_router.json,YAM,ETH,0x7a250d5630b4cf539739df2c5dacb4c659f2488d
0x6604d060B341af00C3d84938a51308fBC9eD397c+0xdf71d7f3-0x7a250d5630b4cf539739df2c5dacb4c659f2488d+0x18cbafe5:0xb4efd85c_0xeeeeeeee,true,false,,,,,,./abis/uniswap_v2_router.json,RPL,WETH,0x7a250d5630b4cf539739df2c5dacb4c659f2488d
0x6604d060B341af00C3d84938a51308fBC9eD397c+0xdf71d7f3-0x7a250d5630b4cf539739df2c5dacb4c659f2488d+0x18cbafe5:0x0d8775f6_0xeeeeeeee,true,false,,,,,,./abis/uniswap_v2_router.json,BAT,WETH,0x7a250d5630b4cf539739df2c5dacb4c659f2488d
0x6604d060B341af00C3d84938a51308fBC9eD397c+0xdf71d7f3-0x7a250d5630b4cf539739df2c5dacb4c659f2488d+0x18cbafe5:0xc02aaa39_0xeeeeeeee,true,false,,,,,,./abis/uniswap_v2_router.json,WETH,ETH,0x7a250d5630b4cf539739df2c5dacb4c659f2488d
0x6604d060B341af00C3d84938a51308fBC9eD397c+0xdf71d7f3-0x7a250d5630b4cf539739df2c5dacb4c659f2488d+0x18cbafe5:0xa3bed4e1_0xeeeeeeee,true,false,,,,,,./abis/uniswap_v2_router.json,MTA,ETH,0x7a250d5630b4cf539739df2c5dacb4c659f2488d
0x6604d060B341af00C3d84938a51308fBC9eD397c+0xdf71d7f3-0x7a250d5630b4cf539739df2c5dacb4c659f2488d+0x18cbafe5:0x2260fac5_0xeeeeeeee,true,false,,,,,,./abis/uniswap_v2_router.json,WBTC,WETH,0x7a250d5630b4cf539739df2c5dacb4c659f2488d
0x6604d060b341af00c3d84938a51308fbc9ed397c+0xdf71d7f3-0x7a250d5630b4cf539739df2c5dacb4c659f2488d+0x18cbafe5:0x0d438f3b_0xeeeeeeee,true,false,,,,,,./abis/uniswap_v2_router.json,wNXM,ETH,0x7a250d5630b4cf539739df2c5dacb4c659f2488d
0x6604d060B341af00C3d84938a51308fBC9eD397c+0xdf71d7f3-0x7a250d5630b4cf539739df2c5dacb4c659f2488d+0x18cbafe5:0x960b236a_0xeeeeeeee,true,false,,,,,,./abis/uniswap_v2_router.json,ANT,ETH,0x7a250d5630b4cf539739df2c5dacb4c659f2488d
0x6604d060b341af00c3d84938a51308fbc9ed397c+0xdf71d7f3-0x7a250d5630b4cf539739df2c5dacb4c659f2488d+0x18cbafe5:0xd533a949_0xeeeeeeee,true,false,,,,,,./abis/uniswap_v2_router.json,CRV,ETH,0x7a250d5630b4cf539739df2c5dacb4c659f2488d
0x6604d060b341af00c3d84938a51308fbc9ed397c+0xdf71d7f3-0x7a250d5630b4cf539739df2c5dacb4c659f2488d+0x18cbafe5:0xdf5e0e81_0xeeeeeeee,true,false,,,,,,./abis/uniswap_v2_router.json,yDAI+yUSDC+yUSDT+yTUSD,ETH,0x7a250d5630b4cf539739df2c5dacb4c659f2488d
0x6604d060B341af00C3d84938a51308fBC9eD397c+0xdf71d7f3-0x7a250d5630b4cf539739df2c5dacb4c659f2488d+0x18cbafe5:0xd46ba6d9_0xeeeeeeee,true,false,,,,,,./abis/uniswap_v2_router.json,AMPL,ETH,0x7a250d5630b4cf539739df2c5dacb4c659f2488d
0x6604d060B341af00C3d84938a51308fBC9eD397c+0xdf71d7f3-0x7a250d5630b4cf539739df2c5dacb4c659f2488d+0x18cbafe5:0x84ca8bc7_0xeeeeeeee,true,false,,,,,,./abis/uniswap_v2_router.json,DIA,ETH,0x7a250d5630b4cf539739df2c5dacb4c659f2488d
0x6604d060B341af00C3d84938a51308fBC9eD397c+0xdf71d7f3-0x7a250d5630b4cf539739df2c5dacb4c659f2488d+0x18cbafe5:0xeb4c2781_0xeeeeeeee,true,false,,,,,,./abis/uniswap_v2_router.json,renBTC,WETH,0x7a250d5630b4cf539739df2c5dacb4c659f2488d
0x6604d060B341af00C3d84938a51308fBC9eD397c+0xdf71d7f3-0x7a250d5630b4cf539739df2c5dacb4c659f2488d+0x18cbafe5:0x5e74c903_0xeeeeeeee,true,false,,,,,,./abis/uniswap_v2_router.json,sETH,WETH,0x7a250d5630b4cf539739df2c5dacb4c659f2488d
0x6604d060B341af00C3d84938a51308fBC9eD397c+0xdf71d7f3-0x7a250d5630b4cf539739df2c5dacb4c659f2488d+0x18cbafe5:0x1985365e_0xeeeeeeee,true,false,,,,,,./abis/uniswap_v2_router.json,REP,WETH,0x7a250d5630b4cf539739df2c5dacb4c659f2488d
0x6604d060B341af00C3d84938a51308fBC9eD397c+0xdf71d7f3-0x7a250d5630b4cf539739df2c5dacb4c659f2488d+0x18cbafe5:0x9cb2f26a_0xeeeeeeee,true,false,,,,,,./abis/uniswap_v2_router.json,DZAR,WETH,0x7a250d5630b4cf539739df2c5dacb4c659f2488d
0x6604d060B341af00C3d84938a51308fBC9eD397c+0xdf71d7f3-0x7a250d5630b4cf539739df2c5dacb4c659f2488d+0x18cbafe5:0x2b591e99_0xeeeeeeee,true,false,,,,,,./abis/uniswap_v2_router.json,HEX,WETH,0x7a250d5630b4cf539739df2c5dacb4c659f2488d
0x6604d060B341af00C3d84938a51308fBC9eD397c+0xdf71d7f3-0x7a250d5630b4cf539739df2c5dacb4c659f2488d+0x18cbafe5:0x9f8f72aa_0xeeeeeeee,true,false,,,,,,./abis/uniswap_v2_router.json,MKR,WETH,0x7a250d5630b4cf539739df2c5dacb4c659f2488d
0x6604d060B341af00C3d84938a51308fBC9eD397c+0xdf71d7f3-0x7a250d5630b4cf539739df2c5dacb4c659f2488d+0x18cbafe5:0x22165777_0xeeeeeeee,true,false,,,,,,./abis/uniswap_v2_router.json,REPv2,ETH,0x7a250d5630b4cf539739df2c5dacb4c659f2488d
0x6604d060B341af00C3d84938a51308fBC9eD397c+0xdf71d7f3-0x7a250d5630b4cf539739df2c5dacb4c659f2488d+0x18cbafe5:0x80fb784b_0xeeeeeeee,true,false,,,,,,./abis/uniswap_v2_router.json,LEND,WETH,0x7a250d5630b4cf539739df2c5dacb4c659f2488d
0x6604d060B341af00C3d84938a51308fBC9eD397c+0xdf71d7f3-0x7a250d5630b4cf539739df2c5dacb4c659f2488d+0x18cbafe5:0xa1d0e215_0xeeeeeeee,true,false,,,,,,./abis/uniswap_v2_router.json,YFII,ETH,0x7a250d5630b4cf539739df2c5dacb4c659f2488d
0x6604d060B341af00C3d84938a51308fBC9eD397c+0xdf71d7f3-0x7a250d5630b4cf539739df2c5dacb4c659f2488d+0x38ed1739:0xc02aaa39_0x51491077,true,false,,,,,,./abis/uniswap_v2_router.json,WETH,LINK,0x7a250d5630b4cf539739df2c5dacb4c659f2488d
0x6604d060B341af00C3d84938a51308fBC9eD397c+0xdf71d7f3-0x7a250d5630b4cf539739df2c5dacb4c659f2488d+0x38ed1739:0xc02aaa39_0xd46ba6d9,true,false,,,,,,./abis/uniswap_v2_router.json,WETH,AMPL,0x7a250d5630b4cf539739df2c5dacb4c659f2488d
0x6604d060B341af00C3d84938a51308fBC9eD397c+0xdf71d7f3-0x7a250d5630b4cf539739df2c5dacb4c659f2488d+0x38ed1739:0xc02aaa39_0x22165777,true,false,,,,,,./abis/uniswap_v2_router.json,WETH,REPv2,0x7a250d5630b4cf539739df2c5dacb4c659f2488d
0x6604d060B341af00C3d84938a51308fBC9eD397c+0xdf71d7f3-0x7a250d5630b4cf539739df2c5dacb4c659f2488d+0x38ed1739:0xd46ba6d9_0xc02aaa39,true,false,,,,,,./abis/uniswap_v2_router.json,AMPL,WETH,0x7a250d5630b4cf539739df2c5dacb4c659f2488d
0x6604d060b341af00c3d84938a51308fbc9ed397c+0xdf71d7f3-0x7a250d5630b4cf539739df2c5dacb4c659f2488d+0x38ed1739:0xdf5e0e81_0xc02aaa39,true,false,,,,,,./abis/uniswap_v2_router.json,yDAI+yUSDC+yUSDT+yTUSD,WETH,0x7a250d5630b4cf539739df2c5dacb4c659f2488d
0x6604d060b341af00c3d84938a51308fbc9ed397c+0xdf71d7f3-0xf164fc0ec4e93095b804a4795bbe1e041497b92a+0x38ed1739:0xa3bed4e1_0xc02aaa39,true,false,,,,,,./abis/uniswap_v2_router.json,MTA,WETH,0xf164fc0ec4e93095b804a4795bbe1e041497b92a
0x6604d060B341af00C3d84938a51308fBC9eD397c+0xdf71d7f3-0x7a250d5630b4cf539739df2c5dacb4c659f2488d+0x38ed1739:0xba100000_0xc02aaa39,true,false,,,,,,./abis/uniswap_v2_router.json,BAL,WETH,0x7a250d5630b4cf539739df2c5dacb4c659f2488d
0x6604d060B341af00C3d84938a51308fBC9eD397c+0xdf71d7f3-0x7a250d5630b4cf539739df2c5dacb4c659f2488d+0x38ed1739:0x9f8f72aa_0xc02aaa39,true,false,,,,,,./abis/uniswap_v2_router.json,MKR,WETH,0x7a250d5630b4cf539739df2c5dacb4c659f2488d
0x6604d060B341af00C3d84938a51308fBC9eD397c+0xdf71d7f3-0x7a250d5630b4cf539739df2c5dacb4c659f2488d+0x38ed1739:0xa0b86991_0x57ab1ec2,true,false,,,,,,./abis/uniswap_v2_router.json,USDC,sUSD,0x7a250d5630b4cf539739df2c5dacb4c659f2488d
0x6604d060B341af00C3d84938a51308fBC9eD397c+0xdf71d7f3-0x7a250d5630b4cf539739df2c5dacb4c659f2488d+0x38ed1739:0x2b591e99_0xc02aaa39,true,false,,,,,,./abis/uniswap_v2_router.json,HEX,WETH,0x7a250d5630b4cf539739df2c5dacb4c659f2488d
0x6604d060b341af00c3d84938a51308fbc9ed397c+0xdf71d7f3-0xf164fc0ec4e93095b804a4795bbe1e041497b92a+0x38ed1739:0xc02aaa39_0x0d438f3b,true,false,,,,,,./abis/uniswap_v2_router.json,WETH,wNXM,0xf164fc0ec4e93095b804a4795bbe1e041497b92a
0x6604d060B341af00C3d84938a51308fBC9eD397c+0xdf71d7f3-0x7a250d5630b4cf539739df2c5dacb4c659f2488d+0x38ed1739:0xc02aaa39_0xa3bed4e1,true,false,,,,,,./abis/uniswap_v2_router.json,WETH,MTA,0x7a250d5630b4cf539739df2c5dacb4c659f2488d
0x6604d060B341af00C3d84938a51308fBC9eD397c+0xdf71d7f3-0x7a250d5630b4cf539739df2c5dacb4c659f2488d+0x38ed1739:0x2260fac5_0xeb4c2781,true,false,,,,,,./abis/uniswap_v2_router.json,WBTC,renBTC,0x7a250d5630b4cf539739df2c5dacb4c659f2488d
0x6604d060B341af00C3d84938a51308fBC9eD397c+0xdf71d7f3-0x7a250d5630b4cf539739df2c5dacb4c659f2488d+0x38ed1739:0xdac17f95_0x84ca8bc7,true,false,,,,,,./abis/uniswap_v2_router.json,USDT,DIA,0x7a250d5630b4cf539739df2c5dacb4c659f2488d
0x6604d060B341af00C3d84938a51308fBC9eD397c+0xdf71d7f3-0x7a250d5630b4cf539739df2c5dacb4c659f2488d+0x38ed1739:0xb4efd85c_0xc02aaa39,true,false,,,,,,./abis/uniswap_v2_router.json,RPL,WETH,0x7a250d5630b4cf539739df2c5dacb4c659f2488d
0x6604d060b341af00c3d84938a51308fbc9ed397c+0xdf71d7f3-0x7a250d5630b4cf539739df2c5dacb4c659f2488d+0x38ed1739:0xc02aaa39_0x0e2298e3,true,false,,,,,,./abis/uniswap_v2_router.json,WETH,YAM,0x7a250d5630b4cf539739df2c5dacb4c659f2488d
0x6604d060B341af00C3d84938a51308fBC9eD397c+0xdf71d7f3-0x7a250d5630b4cf539739df2c5dacb4c659f2488d+0x38ed1739:0xc02aaa39_0x9cb2f26a,true,false,,,,,,./abis/uniswap_v2_router.json,WETH,DZAR,0x7a250d5630b4cf539739df2c5dacb4c659f2488d
0x6604d060B341af00C3d84938a51308fBC9eD397c+0xdf71d7f3-0x7a250d5630b4cf539739df2c5dacb4c659f2488d+0x38ed1739:0xa0b86991_0xdac17f95,true,false,,,,,,./abis/uniswap_v2_router.json,USDC,USDT,0x7a250d5630b4cf539739df2c5dacb4c659f2488d
0x6604d060B341af00C3d84938a51308fBC9eD397c+0xdf71d7f3-0x7a250d5630b4cf539739df2c5dacb4c659f2488d+0x38ed1739:0x22165777_0xc02aaa39,true,false,,,,,,./abis/uniswap_v2_router.json,REPv2,WETH,0x7a250d5630b4cf539739df2c5dacb4c659f2488d
0x6604d060B341af00C3d84938a51308fBC9eD397c+0xdf71d7f3-0x7a250d5630b4cf539739df2c5dacb4c659f2488d+0x38ed1739:0xc02aaa39_0xb4efd85c,true,false,,,,,,./abis/uniswap_v2_router.json,WETH,RPL,0x7a250d5630b4cf539739df2c5dacb4c659f2488d
0x6604d060B341af00C3d84938a51308fBC9eD397c+0xdf71d7f3-0x7a250d5630b4cf539739df2c5dacb4c659f2488d+0x38ed1739:0x6b175474_0x22165777,true,false,,,,,,./abis/uniswap_v2_router.json,DAI,REPv2,0x7a250d5630b4cf539739df2c5dacb4c659f2488d
0x6604d060B341af00C3d84938a51308fBC9eD397c+0xdf71d7f3-0x7a250d5630b4cf539739df2c5dacb4c659f2488d+0x38ed1739:0x4fabb145_0xdac17f95,true,false,,,,,,./abis/uniswap_v2_router.json,BUSD,USDT,0x7a250d5630b4cf539739df2c5dacb4c659f2488d
0x6604d060B341af00C3d84938a51308fBC9eD397c+0xdf71d7f3-0x7a250d5630b4cf539739df2c5dacb4c659f2488d+0x38ed1739:0x1985365e_0xc02aaa39,true,false,,,,,,./abis/uniswap_v2_router.json,REP,WETH,0x7a250d5630b4cf539739df2c5dacb4c659f2488d
0x6604d060B341af00C3d84938a51308fBC9eD397c+0xdf71d7f3-0x7a250d5630b4cf539739df2c5dacb4c659f2488d+0x38ed1739:0xc02aaa39_0xeb4c2781,true,false,,,,,,./abis/uniswap_v2_router.json,WETH,renBTC,0x7a250d5630b4cf539739df2c5dacb4c659f2488d
0x6604d060B341af00C3d84938a51308fBC9eD397c+0xdf71d7f3-0x7a250d5630b4cf539739df2c5dacb4c659f2488d+0x38ed1739:0xdac17f95_0xc02aaa39,true,false,,,,,,./abis/uniswap_v2_router.json,USDT,WETH,0x7a250d5630b4cf539739df2c5dacb4c659f2488d
0x6604d060B341af00C3d84938a51308fBC9eD397c+0xdf71d7f3-0x7a250d5630b4cf539739df2c5dacb4c659f2488d+0x38ed1739:0xc02aaa39_0x9f8f72aa,true,false,,,,,,./abis/uniswap_v2_router.json,WETH,MKR,0x7a250d5630b4cf539739df2c5dacb4c659f2488d
0x6604d060B341af00C3d84938a51308fBC9eD397c+0xdf71d7f3-0x7a250d5630b4cf539739df2c5dacb4c659f2488d+0x38ed1739:0xc02aaa39_0x5e74c903,true,false,,,,,,./abis/uniswap_v2_router.json,WETH,sETH,0x7a250d5630b4cf539739df2c5dacb4c659f2488d
0x6604d060B341af00C3d84938a51308fBC9eD397c+0xdf71d7f3-0x7a250d5630b4cf539739df2c5dacb4c659f2488d+0x38ed1739:0x6b175474_0x2260fac5,true,false,,,,,,./abis/uniswap_v2_router.json,DAI,WBTC,0x7a250d5630b4cf539739df2c5dacb4c659f2488d
0x6604d060B341af00C3d84938a51308fBC9eD397c+0xdf71d7f3-0x7a250d5630b4cf539739df2c5dacb4c659f2488d+0x38ed1739:0x84ca8bc7_0x9cb2f26a,true,false,,,,,,./abis/uniswap_v2_router.json,DIA,DZAR,0x7a250d5630b4cf539739df2c5dacb4c659f2488d
0x6604d060B341af00C3d84938a51308fBC9eD397c+0xdf71d7f3-0x7a250d5630b4cf539739df2c5dacb4c659f2488d+0x38ed1739:0xa0b86991_0x0bc529c0,true,false,,,,,,./abis/uniswap_v2_router.json,USDC,YFI,0x7a250d5630b4cf539739df2c5dacb4c659f2488d
0x6604d060B341af00C3d84938a51308fBC9eD397c+0xdf71d7f3-0x7a250d5630b4cf539739df2c5dacb4c659f2488d+0x38ed1739:0xc02aaa39_0x1985365e,true,false,,,,,,./abis/uniswap_v2_router.json,WETH,REP,0x7a250d5630b4cf539739df2c5dacb4c659f2488d
0x6604d060B341af00C3d84938a51308fBC9eD397c+0xdf71d7f3-0x7a250d5630b4cf539739df2c5dacb4c659f2488d+0x38ed1739:0x9cb2f26a_0xba100000,true,false,,,,,,./abis/uniswap_v2_router.json,DZAR,BAL,0x7a250d5630b4cf539739df2c5dacb4c659f2488d
0x6604d060B341af00C3d84938a51308fBC9eD397c+0xdf71d7f3-0x7a250d5630b4cf539739df2c5dacb4c659f2488d+0x38ed1739:0xc02aaa39_0xdf5e0e81,true,false,,,,,,./abis/uniswap_v2_router.json,WETH,yDAI+yUSDC+yUSDT+yTUSD,0x7a250d5630b4cf539739df2c5dacb4c659f2488d
0x6604d060B341af00C3d84938a51308fBC9eD397c+0xdf71d7f3-0x7a250d5630b4cf539739df2c5dacb4c659f2488d+0x38ed1739:0xc02aaa39_0xd533a949,true,false,,,,,,./abis/uniswap_v2_router.json,WETH,CRV,0x7a250d5630b4cf539739df2c5dacb4c659f2488d
0x6604d060B341af00C3d84938a51308fBC9eD397c+0xdf71d7f3-0x7a250d5630b4cf539739df2c5dacb4c659f2488d+0x38ed1739:0xc02aaa39_0x0d8775f6,true,false,,,,,,./abis/uniswap_v2_router.json,WETH,BAT,0x7a250d5630b4cf539739df2c5dacb4c659f2488d
0x6604d060B341af00C3d84938a51308fBC9eD397c+0xdf71d7f3-0x7a250d5630b4cf539739df2c5dacb4c659f2488d+0x38ed1739:0xdac17f95_0xa0b86991,true,false,,,,,,./abis/uniswap_v2_router.json,USDT,USDC,0x7a250d5630b4cf539739df2c5dacb4c659f2488d
0x6604d060B341af00C3d84938a51308fBC9eD397c+0xdf71d7f3-0x7a250d5630b4cf539739df2c5dacb4c659f2488d+0x38ed1739:0xa3bed4e1_0xc02aaa39,true,false,,,,,,./abis/uniswap_v2_router.json,MTA,WETH,0x7a250d5630b4cf539739df2c5dacb4c659f2488d
0x6604d060B341af00C3d84938a51308fBC9eD397c+0xdf71d7f3-0x7a250d5630b4cf539739df2c5dacb4c659f2488d+0x38ed1739:0xd46ba6d9_0x6b175474,true,false,,,,,,./abis/uniswap_v2_router.json,AMPL,DAI,0x7a250d5630b4cf539739df2c5dacb4c659f2488d
0x6604d060B341af00C3d84938a51308fBC9eD397c+0xdf71d7f3-0x7a250d5630b4cf539739df2c5dacb4c659f2488d+0x38ed1739:0xba100000_0x9cb2f26a,true,false,,,,,,./abis/uniswap_v2_router.json,BAL,DZAR,0x7a250d5630b4cf539739df2c5dacb4c659f2488d
0x6604d060B341af00C3d84938a51308fBC9eD397c+0xdf71d7f3-0x7a250d5630b4cf539739df2c5dacb4c659f2488d+0x38ed1739:0xc02aaa39_0x84ca8bc7,true,false,,,,,,./abis/uniswap_v2_router.json,WETH,DIA,0x7a250d5630b4cf539739df2c5dacb4c659f2488d
0x6604d060B341af00C3d84938a51308fBC9eD397c+0xdf71d7f3-0x7a250d5630b4cf539739df2c5dacb4c659f2488d+0x38ed1739:0x80fb784b_0xc02aaa39,true,false,,,,,,./abis/uniswap_v2_router.json,LEND,WETH,0x7a250d5630b4cf539739df2c5dacb4c659f2488d
0x6604d060B341af00C3d84938a51308fBC9eD397c+0xdf71d7f3-0x7a250d5630b4cf539739df2c5dacb4c659f2488d+0x38ed1739:0xc02aaa39_0x960b236a,true,false,,,,,,./abis/uniswap_v2_router.json,WETH,ANT,0x7a250d5630b4cf539739df2c5dacb4c659f2488d
0x6604d060b341af00c3d84938a51308fbc9ed397c+0xdf71d7f3-0x7a250d5630b4cf539739df2c5dacb4c659f2488d+0x38ed1739:0xdf5e0e81_0x0e2298e3,true,false,,,,,,./abis/uniswap_v2_router.json,yDAI+yUSDC+yUSDT+yTUSD,YAM,0x7a250d5630b4cf539739df2c5dacb4c659f2488d
0x6604d060B341af00C3d84938a51308fBC9eD397c+0xdf71d7f3-0x7a250d5630b4cf539739df2c5dacb4c659f2488d+0x38ed1739:0xc02aaa39_0x0bc529c0,true,false,,,,,,./abis/uniswap_v2_router.json,WETH,YFI,0x7a250d5630b4cf539739df2c5dacb4c659f2488d
0x6604d060B341af00C3d84938a51308fBC9eD397c+0xdf71d7f3-0x7a250d5630b4cf539739df2c5dacb4c659f2488d+0x38ed1739:0x0e2298e3_0xc02aaa39,true,false,,,,,,./abis/uniswap_v2_router.json,YAM,WETH,0x7a250d5630b4cf539739df2c5dacb4c659f2488d
0x6604d060B341af00C3d84938a51308fBC9eD397c+0xdf71d7f3-0x7a250d5630b4cf539739df2c5dacb4c659f2488d+0x38ed1739:0x0d8775f6_0xc02aaa39,true,false,,,,,,./abis/uniswap_v2_router.json,BAT,WETH,0x7a250d5630b4cf539739df2c5dacb4c659f2488d
0x6604d060B341af00C3d84938a51308fBC9eD397c+0xdf71d7f3-0x7a250d5630b4cf539739df2c5dacb4c659f2488d+0x38ed1739:0xeb4c2781_0xa0b86991,true,false,,,,,,./abis/uniswap_v2_router.json,renBTC,USDC,0x7a250d5630b4cf539739df2c5dacb4c659f2488d
0x6604d060B341af00C3d84938a51308fBC9eD397c+0xdf71d7f3-0x7a250d5630b4cf539739df2c5dacb4c659f2488d+0x38ed1739:0xeb4c2781_0x2260fac5,true,false,,,,,,./abis/uniswap_v2_router.json,renBTC,WBTC,0x7a250d5630b4cf539739df2c5dacb4c659f2488d
0x6604d060B341af00C3d84938a51308fBC9eD397c+0xdf71d7f3-0x7a250d5630b4cf539739df2c5dacb4c659f2488d+0x38ed1739:0x6b175474_0xd46ba6d9,true,false,,,,,,./abis/uniswap_v2_router.json,DAI,AMPL,0x7a250d5630b4cf539739df2c5dacb4c659f2488d
0x6604d060B341af00C3d84938a51308fBC9eD397c+0xdf71d7f3-0x7a250d5630b4cf539739df2c5dacb4c659f2488d+0x38ed1739:0x9cb2f26a_0xc02aaa39,true,false,,,,,,./abis/uniswap_v2_router.json,DZAR,WETH,0x7a250d5630b4cf539739df2c5dacb4c659f2488d
0x6604d060B341af00C3d84938a51308fBC9eD397c+0xdf71d7f3-0x7a250d5630b4cf539739df2c5dacb4c659f2488d+0x38ed1739:0xc02aaa39_0xdac17f95,true,false,,,,,,./abis/uniswap_v2_router.json,WETH,USDT,0x7a250d5630b4cf539739df2c5dacb4c659f2488d
0x6604d060B341af00C3d84938a51308fBC9eD397c+0xdf71d7f3-0x7a250d5630b4cf539739df2c5dacb4c659f2488d+0x38ed1739:0x51491077_0xc02aaa39,true,false,,,,,,./abis/uniswap_v2_router.json,LINK,WETH,0x7a250d5630b4cf539739df2c5dacb4c659f2488d
0x6604d060B341af00C3d84938a51308fBC9eD397c+0xdf71d7f3-0x7a250d5630b4cf539739df2c5dacb4c659f2488d+0x38ed1739:0x5e74c903_0xc02aaa39,true,false,,,,,,./abis/uniswap_v2_router.json,sETH,WETH,0x7a250d5630b4cf539739df2c5dacb4c659f2488d
0x6604d060b341af00c3d84938a51308fbc9ed397c+0xdf71d7f3-0x7a250d5630b4cf539739df2c5dacb4c659f2488d+0x38ed1739:0xd533a949_0xc02aaa39,true,false,,,,,,./abis/uniswap_v2_router.json,CRV,WETH,0x7a250d5630b4cf539739df2c5dacb4c659f2488d
0x6604d060B341af00C3d84938a51308fBC9eD397c+0xdf71d7f3-0x7a250d5630b4cf539739df2c5dacb4c659f2488d+0x38ed1739:0x9cb2f26a_0x84ca8bc7,true,false,,,,,,./abis/uniswap_v2_router.json,DZAR,DIA,0x7a250d5630b4cf539739df2c5dacb4c659f2488d
0x6604d060B341af00C3d84938a51308fBC9eD397c+0xdf71d7f3-0x7a250d5630b4cf539739df2c5dacb4c659f2488d+0x38ed1739:0x2260fac5_0x6b175474,true,false,,,,,,./abis/uniswap_v2_router.json,WBTC,DAI,0x7a250d5630b4cf539739df2c5dacb4c659f2488d
0x6604d060B341af00C3d84938a51308fBC9eD397c+0xdf71d7f3-0x7a250d5630b4cf539739df2c5dacb4c659f2488d+0x38ed1739:0xeb4c2781_0xc02aaa39,true,false,,,,,,./abis/uniswap_v2_router.json,renBTC,WETH,0x7a250d5630b4cf539739df2c5dacb4c659f2488d
0x6604d060B341af00C3d84938a51308fBC9eD397c+0xdf71d7f3-0x7a250d5630b4cf539739df2c5dacb4c659f2488d+0x38ed1739:0xc02aaa39_0xa1d0e215,true,false,,,,,,./abis/uniswap_v2_router.json,WETH,YFII,0x7a250d5630b4cf539739df2c5dacb4c659f2488d
0x6604d060B341af00C3d84938a51308fBC9eD397c+0xdf71d7f3-0x7a250d5630b4cf539739df2c5dacb4c659f2488d+0x38ed1739:0xa1d0e215_0xc02aaa39,true,false,,,,,,./abis/uniswap_v2_router.json,YFII,WETH,0x7a250d5630b4cf539739df2c5dacb4c659f2488d
0x6604d060B341af00C3d84938a51308fBC9eD397c+0xdf71d7f3-0x7a250d5630b4cf539739df2c5dacb4c659f2488d+0x38ed1739:0xa0b86991_0xeb4c2781,true,false,,,,,,./abis/uniswap_v2_router.json,USDC,renBTC,0x7a250d5630b4cf539739df2c5dacb4c659f2488d
0x6604d060B341af00C3d84938a51308fBC9eD397c+0xdf71d7f3-0x7a250d5630b4cf539739df2c5dacb4c659f2488d+0x38ed1739:0x0e2298e3_0xdf5e0e81,true,false,,,,,,./abis/uniswap_v2_router.json,YAM,yDAI+yUSDC+yUSDT+yTUSD,0x7a250d5630b4cf539739df2c5dacb4c659f2488d
0x6604d060B341af00C3d84938a51308fBC9eD397c+0xdf71d7f3-0x7a250d5630b4cf539739df2c5dacb4c659f2488d+0x38ed1739:0x960b236a_0xc02aaa39,true,false,,,,,,./abis/uniswap_v2_router.json,ANT,WETH,0x7a250d5630b4cf539739df2c5dacb4c659f2488d
0x6604d060B341af00C3d84938a51308fBC9eD397c+0xdf71d7f3-0x7a250d5630b4cf539739df2c5dacb4c659f2488d+0x38ed1739:0x84ca8bc7_0xdac17f95,true,false,,,,,,./abis/uniswap_v2_router.json,DIA,USDT,0x7a250d5630b4cf539739df2c5dacb4c659f2488d
0x6604d060B341af00C3d84938a51308fBC9eD397c+0xdf71d7f3-0x7a250d5630b4cf539739df2c5dacb4c659f2488d+0x38ed1739:0xc02aaa39_0x2260fac5,true,false,,,,,,./abis/uniswap_v2_router.json,WETH,WBTC,0x7a250d5630b4cf539739df2c5dacb4c659f2488d
0x6604d060b341af00c3d84938a51308fbc9ed397c+0xdf71d7f3-0x7a250d5630b4cf539739df2c5dacb4c659f2488d+0x38ed1739:0x0d438f3b_0xc02aaa39,true,false,,,,,,./abis/uniswap_v2_router.json,wNXM,WETH,0x7a250d5630b4cf539739df2c5dacb4c659f2488d
0x6604d060B341af00C3d84938a51308fBC9eD397c+0xdf71d7f3-0x7a250d5630b4cf539739df2c5dacb4c659f2488d+0x38ed1739:0x2260fac5_0xc02aaa39,true,false,,,,,,./abis/uniswap_v2_router.json,WBTC,WETH,0x7a250d5630b4cf539739df2c5dacb4c659f2488d
0x6604d060B341af00C3d84938a51308fBC9eD397c+0xdf71d7f3-0x7a250d5630b4cf539739df2c5dacb4c659f2488d+0x38ed1739:0xc02aaa39_0xba100000,true,false,,,,,,./abis/uniswap_v2_router.json,WETH,BAL,0x7a250d5630b4cf539739df2c5dacb4c659f2488d
0x6604d060B341af00C3d84938a51308fBC9eD397c+0xdf71d7f3-0x7a250d5630b4cf539739df2c5dacb4c659f2488d+0x38ed1739:0xc02aaa39_0x6b175474,true,false,,,,,,./abis/uniswap_v2_router.json,WETH,DAI,0x7a250d5630b4cf539739df2c5dacb4c659f2488d
0x6604d060B341af00C3d84938a51308fBC9eD397c+0xdf71d7f3-0x7a250d5630b4cf539739df2c5dacb4c659f2488d+0x38ed1739:0x4fabb145_0xa0b86991,true,false,,,,,,./abis/uniswap_v2_router.json,BUSD,USDC,0x7a250d5630b4cf539739df2c5dacb4c659f2488d
0x6604d060B341af00C3d84938a51308fBC9eD397c+0xdf71d7f3-0x7a250d5630b4cf539739df2c5dacb4c659f2488d+0x38ed1739:0x84ca8bc7_0xc02aaa39,true,false,,,,,,./abis/uniswap_v2_router.json,DIA,WETH,0x7a250d5630b4cf539739df2c5dacb4c659f2488d
0x6604d060B341af00C3d84938a51308fBC9eD397c+0xdf71d7f3-0x7a250d5630b4cf539739df2c5dacb4c659f2488d+0x38ed1739:0x22165777_0x6b175474,true,false,,,,,,./abis/uniswap_v2_router.json,REPv2,DAI,0x7a250d5630b4cf539739df2c5dacb4c659f2488d
