MSQT1,11581525,7a250d5630B4cF539739dF2C5dAcb4c659F2488D00000000000000000000000000000000000000000000000000000000000000e47ff36ab500000000000000000000000000000000000000000000000000000000000000000000000000000000000000000000000000000000000000000000000000000080000000000000000000000000d30ce37a6f2424593dabe9b712d235781815445d000000000000000000000000000000000000000000000000000000005ff1b9500000000000000000000000000000000000000000000000000000000000000002000000000000000000000000c02aaa39b223fe8d0a0e5c4f27ead9083c756cc20000000000000000000000006b3595068778dd592e39a122f4f5a5cf09c90fe2d9e1cE17f2641f24aE83637ab66a2cca9C378B9F000000000000000000000000000000000000000000000000000000000000010418cbafe500000000000000000000000000000000000000000000000fee1dead0fbadf00d000000000000000000000000000000000000000000000000000000000000000000000000000000000000000000000000000000000000000000000000000000a0000000000000000000000000d30ce37a6f2424593dabe9b712d235781815445d000000000000000000000000000000000000000000000000000000005ff1b95000000000000000000000000000000000000000000000000000000000000000020000000000000000000000006b3595068778dd592e39a122f4f5a5cf09c90fe2000000000000000000000000c02aaa39b223fe8d0a0e5c4f27ead9083c756cc2,337000000000000,200000,121835e15703a1a7bab32626d0927D60F90A81D700000000000000000000000000000000000000000000000000000000000000847f2b0c090000000000000000000000007a250d5630b4cf539739df2c5dacb4c659f2488d00000000000000000000000000000000000000000000000005e1fecdd849c000000000000000000000000000c02aaa39b223fe8d0a0e5c4f27ead9083c756cc20000000000000000000000006b3595068778dd592e39a122f4f5a5cf09c90fe2121835e15703a1a7bab32626d0927D60F90A81D700000000000000000000000000000000000000000000000000000000000000847f2b0c09000000000000000000000000d9e1ce17f2641f24ae83637ab66a2cca9c378b9f00000000000000000000000000000000000000000000000fee1dead0fbadf00d0000000000000000000000006b3595068778dd592e39a122f4f5a5cf09c90fe2000000000000000000000000c02aaa39b223fe8d0a0e5c4f27ead9083c756cc2,432720000000000000,423900000000000000,ETH,"(272,)","(336,)",<Response [404]>
MSQT1,11581526,7a250d5630B4cF539739dF2C5dAcb4c659F2488D00000000000000000000000000000000000000000000000000000000000000e47ff36ab500000000000000000000000000000000000000000000000000000000000000000000000000000000000000000000000000000000000000000000000000000080000000000000000000000000d30ce37a6f2424593dabe9b712d235781815445d000000000000000000000000000000000000000000000000000000005ff1b9590000000000000000000000000000000000000000000000000000000000000002000000000000000000000000c02aaa39b223fe8d0a0e5c4f27ead9083c756cc20000000000000000000000006b3595068778dd592e39a122f4f5a5cf09c90fe2d9e1cE17f2641f24aE83637ab66a2cca9C378B9F000000000000000000000000000000000000000000000000000000000000010418cbafe500000000000000000000000000000000000000000000000fee1dead0fbadf00d000000000000000000000000000000000000000000000000000000000000000000000000000000000000000000000000000000000000000000000000000000a0000000000000000000000000d30ce37a6f2424593dabe9b712d235781815445d000000000000000000000000000000000000000000000000000000005ff1b95900000000000000000000000000000000000000000000000000000000000000020000000000000000000000006b3595068778dd592e39a122f4f5a5cf09c90fe2000000000000000000000000c02aaa39b223fe8d0a0e5c4f27ead9083c756cc2,337000000000000,200000,121835e15703a1a7bab32626d0927D60F90A81D700000000000000000000000000000000000000000000000000000000000000847f2b0c090000000000000000000000007a250d5630b4cf539739df2c5dacb4c659f2488d00000000000000000000000000000000000000000000000005e1fecdd849c000000000000000000000000000c02aaa39b223fe8d0a0e5c4f27ead9083c756cc20000000000000000000000006b3595068778dd592e39a122f4f5a5cf09c90fe2121835e15703a1a7bab32626d0927D60F90A81D700000000000000000000000000000000000000000000000000000000000000847f2b0c09000000000000000000000000d9e1ce17f2641f24ae83637ab66a2cca9c378b9f00000000000000000000000000000000000000000000000fee1dead0fbadf00d0000000000000000000000006b3595068778dd592e39a122f4f5a5cf09c90fe2000000000000000000000000c02aaa39b223fe8d0a0e5c4f27ead9083c756cc2,437900000000000000,423900000000000000,ETH,"(272,)","(336,)",<Response [404]>
MSQT1,11581527,7a250d5630B4cF539739dF2C5dAcb4c659F2488D00000000000000000000000000000000000000000000000000000000000000e47ff36ab500000000000000000000000000000000000000000000000000000000000000000000000000000000000000000000000000000000000000000000000000000080000000000000000000000000d30ce37a6f2424593dabe9b712d235781815445d000000000000000000000000000000000000000000000000000000005ff1b9770000000000000000000000000000000000000000000000000000000000000002000000000000000000000000c02aaa39b223fe8d0a0e5c4f27ead9083c756cc20000000000000000000000006b3595068778dd592e39a122f4f5a5cf09c90fe2d9e1cE17f2641f24aE83637ab66a2cca9C378B9F000000000000000000000000000000000000000000000000000000000000010418cbafe500000000000000000000000000000000000000000000000fee1dead0fbadf00d000000000000000000000000000000000000000000000000000000000000000000000000000000000000000000000000000000000000000000000000000000a0000000000000000000000000d30ce37a6f2424593dabe9b712d235781815445d000000000000000000000000000000000000000000000000000000005ff1b97700000000000000000000000000000000000000000000000000000000000000020000000000000000000000006b3595068778dd592e39a122f4f5a5cf09c90fe2000000000000000000000000c02aaa39b223fe8d0a0e5c4f27ead9083c756cc2,337000000000000,200000,121835e15703a1a7bab32626d0927D60F90A81D700000000000000000000000000000000000000000000000000000000000000847f2b0c090000000000000000000000007a250d5630b4cf539739df2c5dacb4c659f2488d00000000000000000000000000000000000000000000000005e1fecdd849c000000000000000000000000000c02aaa39b223fe8d0a0e5c4f27ead9083c756cc20000000000000000000000006b3595068778dd592e39a122f4f5a5cf09c90fe2121835e15703a1a7bab32626d0927D60F90A81D700000000000000000000000000000000000000000000000000000000000000847f2b0c09000000000000000000000000d9e1ce17f2641f24ae83637ab66a2cca9c378b9f00000000000000000000000000000000000000000000000fee1dead0fbadf00d0000000000000000000000006b3595068778dd592e39a122f4f5a5cf09c90fe2000000000000000000000000c02aaa39b223fe8d0a0e5c4f27ead9083c756cc2,443410000000000000,423900000000000000,ETH,"(272,)","(336,)",<Response [404]>
MSQT1,11581550,d9e1cE17f2641f24aE83637ab66a2cca9C378B9F00000000000000000000000000000000000000000000000000000000000000e47ff36ab500000000000000000000000000000000000000000000000000000000000000000000000000000000000000000000000000000000000000000000000000000080000000000000000000000000d30ce37a6f2424593dabe9b712d235781815445d000000000000000000000000000000000000000000000000000000005ff1baab0000000000000000000000000000000000000000000000000000000000000002000000000000000000000000c02aaa39b223fe8d0a0e5c4f27ead9083c756cc2000000000000000000000000e28b3b32b6c345a34ff64674606124dd5aceca307a250d5630B4cF539739dF2C5dAcb4c659F2488D000000000000000000000000000000000000000000000000000000000000010418cbafe500000000000000000000000000000000000000000000000fee1dead0fbadf00d000000000000000000000000000000000000000000000000000000000000000000000000000000000000000000000000000000000000000000000000000000a0000000000000000000000000d30ce37a6f2424593dabe9b712d235781815445d000000000000000000000000000000000000000000000000000000005ff1baab0000000000000000000000000000000000000000000000000000000000000002000000000000000000000000e28b3b32b6c345a34ff64674606124dd5aceca30000000000000000000000000c02aaa39b223fe8d0a0e5c4f27ead9083c756cc2,3379000000000000,200000,121835e15703a1a7bab32626d0927D60F90A81D700000000000000000000000000000000000000000000000000000000000000847f2b0c09000000000000000000000000d9e1ce17f2641f24ae83637ab66a2cca9c378b9f0000000000000000000000000000000000000000000000000cf2539b76f64000000000000000000000000000c02aaa39b223fe8d0a0e5c4f27ead9083c756cc2000000000000000000000000e28b3b32b6c345a34ff64674606124dd5aceca30121835e15703a1a7bab32626d0927D60F90A81D700000000000000000000000000000000000000000000000000000000000000847f2b0c090000000000000000000000007a250d5630b4cf539739df2c5dacb4c659f2488d00000000000000000000000000000000000000000000000fee1dead0fbadf00d000000000000000000000000e28b3b32b6c345a34ff64674606124dd5aceca30000000000000000000000000c02aaa39b223fe8d0a0e5c4f27ead9083c756cc2,949700000000000000,932900000000000000,ETH,"(272,)","(336,)",<Response [404]>
MSQT1,11581551,d9e1cE17f2641f24aE83637ab66a2cca9C378B9F00000000000000000000000000000000000000000000000000000000000000e47ff36ab500000000000000000000000000000000000000000000000000000000000000000000000000000000000000000000000000000000000000000000000000000080000000000000000000000000d30ce37a6f2424593dabe9b712d235781815445d000000000000000000000000000000000000000000000000000000005ff1bab70000000000000000000000000000000000000000000000000000000000000002000000000000000000000000c02aaa39b223fe8d0a0e5c4f27ead9083c756cc2000000000000000000000000e28b3b32b6c345a34ff64674606124dd5aceca307a250d5630B4cF539739dF2C5dAcb4c659F2488D000000000000000000000000000000000000000000000000000000000000010418cbafe500000000000000000000000000000000000000000000000fee1dead0fbadf00d000000000000000000000000000000000000000000000000000000000000000000000000000000000000000000000000000000000000000000000000000000a0000000000000000000000000d30ce37a6f2424593dabe9b712d235781815445d000000000000000000000000000000000000000000000000000000005ff1bab70000000000000000000000000000000000000000000000000000000000000002000000000000000000000000e28b3b32b6c345a34ff64674606124dd5aceca30000000000000000000000000c02aaa39b223fe8d0a0e5c4f27ead9083c756cc2,3379000000000000,200000,121835e15703a1a7bab32626d0927D60F90A81D700000000000000000000000000000000000000000000000000000000000000847f2b0c09000000000000000000000000d9e1ce17f2641f24ae83637ab66a2cca9c378b9f0000000000000000000000000000000000000000000000000cf2539b76f64000000000000000000000000000c02aaa39b223fe8d0a0e5c4f27ead9083c756cc2000000000000000000000000e28b3b32b6c345a34ff64674606124dd5aceca30121835e15703a1a7bab32626d0927D60F90A81D700000000000000000000000000000000000000000000000000000000000000847f2b0c090000000000000000000000007a250d5630b4cf539739df2c5dacb4c659f2488d00000000000000000000000000000000000000000000000fee1dead0fbadf00d000000000000000000000000e28b3b32b6c345a34ff64674606124dd5aceca30000000000000000000000000c02aaa39b223fe8d0a0e5c4f27ead9083c756cc2,950100000000000000,932900000000000000,ETH,"(272,)","(336,)",<Response [404]>
MSQT1,11581552,d9e1cE17f2641f24aE83637ab66a2cca9C378B9F00000000000000000000000000000000000000000000000000000000000000e47ff36ab500000000000000000000000000000000000000000000000000000000000000000000000000000000000000000000000000000000000000000000000000000080000000000000000000000000d30ce37a6f2424593dabe9b712d235781815445d000000000000000000000000000000000000000000000000000000005ff1bac70000000000000000000000000000000000000000000000000000000000000002000000000000000000000000c02aaa39b223fe8d0a0e5c4f27ead9083c756cc2000000000000000000000000e28b3b32b6c345a34ff64674606124dd5aceca307a250d5630B4cF539739dF2C5dAcb4c659F2488D000000000000000000000000000000000000000000000000000000000000010418cbafe500000000000000000000000000000000000000000000000fee1dead0fbadf00d000000000000000000000000000000000000000000000000000000000000000000000000000000000000000000000000000000000000000000000000000000a0000000000000000000000000d30ce37a6f2424593dabe9b712d235781815445d000000000000000000000000000000000000000000000000000000005ff1bac70000000000000000000000000000000000000000000000000000000000000002000000000000000000000000e28b3b32b6c345a34ff64674606124dd5aceca30000000000000000000000000c02aaa39b223fe8d0a0e5c4f27ead9083c756cc2,3379000000000000,200000,121835e15703a1a7bab32626d0927D60F90A81D700000000000000000000000000000000000000000000000000000000000000847f2b0c09000000000000000000000000d9e1ce17f2641f24ae83637ab66a2cca9c378b9f0000000000000000000000000000000000000000000000000cf2539b76f64000000000000000000000000000c02aaa39b223fe8d0a0e5c4f27ead9083c756cc2000000000000000000000000e28b3b32b6c345a34ff64674606124dd5aceca30121835e15703a1a7bab32626d0927D60F90A81D700000000000000000000000000000000000000000000000000000000000000847f2b0c090000000000000000000000007a250d5630b4cf539739df2c5dacb4c659f2488d00000000000000000000000000000000000000000000000fee1dead0fbadf00d000000000000000000000000e28b3b32b6c345a34ff64674606124dd5aceca30000000000000000000000000c02aaa39b223fe8d0a0e5c4f27ead9083c756cc2,950100000000000000,932900000000000000,ETH,"(272,)","(336,)",<Response [404]>
MSQT1,11581553,d9e1cE17f2641f24aE83637ab66a2cca9C378B9F00000000000000000000000000000000000000000000000000000000000000e47ff36ab500000000000000000000000000000000000000000000000000000000000000000000000000000000000000000000000000000000000000000000000000000080000000000000000000000000d30ce37a6f2424593dabe9b712d235781815445d000000000000000000000000000000000000000000000000000000005ff1bacc0000000000000000000000000000000000000000000000000000000000000002000000000000000000000000c02aaa39b223fe8d0a0e5c4f27ead9083c756cc2000000000000000000000000e28b3b32b6c345a34ff64674606124dd5aceca307a250d5630B4cF539739dF2C5dAcb4c659F2488D000000000000000000000000000000000000000000000000000000000000010418cbafe500000000000000000000000000000000000000000000000fee1dead0fbadf00d000000000000000000000000000000000000000000000000000000000000000000000000000000000000000000000000000000000000000000000000000000a0000000000000000000000000d30ce37a6f2424593dabe9b712d235781815445d000000000000000000000000000000000000000000000000000000005ff1bacc0000000000000000000000000000000000000000000000000000000000000002000000000000000000000000e28b3b32b6c345a34ff64674606124dd5aceca30000000000000000000000000c02aaa39b223fe8d0a0e5c4f27ead9083c756cc2,3379000000000000,200000,121835e15703a1a7bab32626d0927D60F90A81D700000000000000000000000000000000000000000000000000000000000000847f2b0c09000000000000000000000000d9e1ce17f2641f24ae83637ab66a2cca9c378b9f0000000000000000000000000000000000000000000000000cf2539b76f64000000000000000000000000000c02aaa39b223fe8d0a0e5c4f27ead9083c756cc2000000000000000000000000e28b3b32b6c345a34ff64674606124dd5aceca30121835e15703a1a7bab32626d0927D60F90A81D700000000000000000000000000000000000000000000000000000000000000847f2b0c090000000000000000000000007a250d5630b4cf539739df2c5dacb4c659f2488d00000000000000000000000000000000000000000000000fee1dead0fbadf00d000000000000000000000000e28b3b32b6c345a34ff64674606124dd5aceca30000000000000000000000000c02aaa39b223fe8d0a0e5c4f27ead9083c756cc2,945620000000000000,932900000000000000,ETH,"(272,)","(336,)",<Response [404]>
MSQT1,11581554,d9e1cE17f2641f24aE83637ab66a2cca9C378B9F00000000000000000000000000000000000000000000000000000000000000e47ff36ab500000000000000000000000000000000000000000000000000000000000000000000000000000000000000000000000000000000000000000000000000000080000000000000000000000000d30ce37a6f2424593dabe9b712d235781815445d000000000000000000000000000000000000000000000000000000005ff1bad90000000000000000000000000000000000000000000000000000000000000002000000000000000000000000c02aaa39b223fe8d0a0e5c4f27ead9083c756cc2000000000000000000000000e28b3b32b6c345a34ff64674606124dd5aceca307a250d5630B4cF539739dF2C5dAcb4c659F2488D000000000000000000000000000000000000000000000000000000000000010418cbafe500000000000000000000000000000000000000000000000fee1dead0fbadf00d000000000000000000000000000000000000000000000000000000000000000000000000000000000000000000000000000000000000000000000000000000a0000000000000000000000000d30ce37a6f2424593dabe9b712d235781815445d000000000000000000000000000000000000000000000000000000005ff1bad90000000000000000000000000000000000000000000000000000000000000002000000000000000000000000e28b3b32b6c345a34ff64674606124dd5aceca30000000000000000000000000c02aaa39b223fe8d0a0e5c4f27ead9083c756cc2,3379000000000000,200000,121835e15703a1a7bab32626d0927D60F90A81D700000000000000000000000000000000000000000000000000000000000000847f2b0c09000000000000000000000000d9e1ce17f2641f24ae83637ab66a2cca9c378b9f0000000000000000000000000000000000000000000000000cf2539b76f64000000000000000000000000000c02aaa39b223fe8d0a0e5c4f27ead9083c756cc2000000000000000000000000e28b3b32b6c345a34ff64674606124dd5aceca30121835e15703a1a7bab32626d0927D60F90A81D700000000000000000000000000000000000000000000000000000000000000847f2b0c090000000000000000000000007a250d5630b4cf539739df2c5dacb4c659f2488d00000000000000000000000000000000000000000000000fee1dead0fbadf00d000000000000000000000000e28b3b32b6c345a34ff64674606124dd5aceca30000000000000000000000000c02aaa39b223fe8d0a0e5c4f27ead9083c756cc2,950320000000000000,932900000000000000,ETH,"(272,)","(336,)",<Response [404]>
MSQT1,11581578,d9e1cE17f2641f24aE83637ab66a2cca9C378B9F00000000000000000000000000000000000000000000000000000000000000e47ff36ab500000000000000000000000000000000000000000000000000000000000000000000000000000000000000000000000000000000000000000000000000000080000000000000000000000000d30ce37a6f2424593dabe9b712d235781815445d000000000000000000000000000000000000000000000000000000005ff1bc0d0000000000000000000000000000000000000000000000000000000000000002000000000000000000000000c02aaa39b223fe8d0a0e5c4f27ead9083c756cc2000000000000000000000000c011a73ee8576fb46f5e1c5751ca3b9fe0af2a6f7a250d5630B4cF539739dF2C5dAcb4c659F2488D000000000000000000000000000000000000000000000000000000000000010418cbafe500000000000000000000000000000000000000000000000fee1dead0fbadf00d000000000000000000000000000000000000000000000000000000000000000000000000000000000000000000000000000000000000000000000000000000a0000000000000000000000000d30ce37a6f2424593dabe9b712d235781815445d000000000000000000000000000000000000000000000000000000005ff1bc0d0000000000000000000000000000000000000000000000000000000000000002000000000000000000000000c011a73ee8576fb46f5e1c5751ca3b9fe0af2a6f000000000000000000000000c02aaa39b223fe8d0a0e5c4f27ead9083c756cc2,256400000000000,200000,121835e15703a1a7bab32626d0927D60F90A81D700000000000000000000000000000000000000000000000000000000000000847f2b0c09000000000000000000000000d9e1ce17f2641f24ae83637ab66a2cca9c378b9f0000000000000000000000000000000000000000000000000df27a2cdf447f80000000000000000000000000c02aaa39b223fe8d0a0e5c4f27ead9083c756cc2000000000000000000000000c011a73ee8576fb46f5e1c5751ca3b9fe0af2a6f121835e15703a1a7bab32626d0927D60F90A81D700000000000000000000000000000000000000000000000000000000000000847f2b0c090000000000000000000000007a250d5630b4cf539739df2c5dacb4c659f2488d00000000000000000000000000000000000000000000000fee1dead0fbadf00d000000000000000000000000c011a73ee8576fb46f5e1c5751ca3b9fe0af2a6f000000000000000000000000c02aaa39b223fe8d0a0e5c4f27ead9083c756cc2,1025199999999999872,1004999999999999872,ETH,"(272,)","(336,)",<Response [404]>
MSQT1,11581579,d9e1cE17f2641f24aE83637ab66a2cca9C378B9F00000000000000000000000000000000000000000000000000000000000000e47ff36ab500000000000000000000000000000000000000000000000000000000000000000000000000000000000000000000000000000000000000000000000000000080000000000000000000000000d30ce37a6f2424593dabe9b712d235781815445d000000000000000000000000000000000000000000000000000000005ff1bc350000000000000000000000000000000000000000000000000000000000000002000000000000000000000000c02aaa39b223fe8d0a0e5c4f27ead9083c756cc2000000000000000000000000c011a73ee8576fb46f5e1c5751ca3b9fe0af2a6f7a250d5630B4cF539739dF2C5dAcb4c659F2488D000000000000000000000000000000000000000000000000000000000000010418cbafe500000000000000000000000000000000000000000000000fee1dead0fbadf00d000000000000000000000000000000000000000000000000000000000000000000000000000000000000000000000000000000000000000000000000000000a0000000000000000000000000d30ce37a6f2424593dabe9b712d235781815445d000000000000000000000000000000000000000000000000000000005ff1bc350000000000000000000000000000000000000000000000000000000000000002000000000000000000000000c011a73ee8576fb46f5e1c5751ca3b9fe0af2a6f000000000000000000000000c02aaa39b223fe8d0a0e5c4f27ead9083c756cc2,256400000000000,200000,121835e15703a1a7bab32626d0927D60F90A81D700000000000000000000000000000000000000000000000000000000000000847f2b0c09000000000000000000000000d9e1ce17f2641f24ae83637ab66a2cca9c378b9f0000000000000000000000000000000000000000000000000df27a2cdf447f80000000000000000000000000c02aaa39b223fe8d0a0e5c4f27ead9083c756cc2000000000000000000000000c011a73ee8576fb46f5e1c5751ca3b9fe0af2a6f121835e15703a1a7bab32626d0927D60F90A81D700000000000000000000000000000000000000000000000000000000000000847f2b0c090000000000000000000000007a250d5630b4cf539739df2c5dacb4c659f2488d00000000000000000000000000000000000000000000000fee1dead0fbadf00d000000000000000000000000c011a73ee8576fb46f5e1c5751ca3b9fe0af2a6f000000000000000000000000c02aaa39b223fe8d0a0e5c4f27ead9083c756cc2,1025199999999999872,1004999999999999872,ETH,"(272,)","(336,)",<Response [404]>
MSQT1,11581579,d9e1cE17f2641f24aE83637ab66a2cca9C378B9F00000000000000000000000000000000000000000000000000000000000000e47ff36ab500000000000000000000000000000000000000000000000000000000000000000000000000000000000000000000000000000000000000000000000000000080000000000000000000000000d30ce37a6f2424593dabe9b712d235781815445d000000000000000000000000000000000000000000000000000000005ff1bc350000000000000000000000000000000000000000000000000000000000000002000000000000000000000000c02aaa39b223fe8d0a0e5c4f27ead9083c756cc2000000000000000000000000c011a73ee8576fb46f5e1c5751ca3b9fe0af2a6f7a250d5630B4cF539739dF2C5dAcb4c659F2488D000000000000000000000000000000000000000000000000000000000000010418cbafe500000000000000000000000000000000000000000000000fee1dead0fbadf00d000000000000000000000000000000000000000000000000000000000000000000000000000000000000000000000000000000000000000000000000000000a0000000000000000000000000d30ce37a6f2424593dabe9b712d235781815445d000000000000000000000000000000000000000000000000000000005ff1bc350000000000000000000000000000000000000000000000000000000000000002000000000000000000000000c011a73ee8576fb46f5e1c5751ca3b9fe0af2a6f000000000000000000000000c02aaa39b223fe8d0a0e5c4f27ead9083c756cc2,256400000000000,200000,121835e15703a1a7bab32626d0927D60F90A81D700000000000000000000000000000000000000000000000000000000000000847f2b0c09000000000000000000000000d9e1ce17f2641f24ae83637ab66a2cca9c378b9f0000000000000000000000000000000000000000000000000df27a2cdf447f80000000000000000000000000c02aaa39b223fe8d0a0e5c4f27ead9083c756cc2000000000000000000000000c011a73ee8576fb46f5e1c5751ca3b9fe0af2a6f121835e15703a1a7bab32626d0927D60F90A81D700000000000000000000000000000000000000000000000000000000000000847f2b0c090000000000000000000000007a250d5630b4cf539739df2c5dacb4c659f2488d00000000000000000000000000000000000000000000000fee1dead0fbadf00d000000000000000000000000c011a73ee8576fb46f5e1c5751ca3b9fe0af2a6f000000000000000000000000c02aaa39b223fe8d0a0e5c4f27ead9083c756cc2,1018799999999999872,1004999999999999872,ETH,"(272,)","(336,)",<Response [404]>
