,blockNumber,timeStamp,gasUsed,gasPrice,value
0,10728384,1598342633,285942,120000000000,1000000000000000000
1,10730531,1598371432,247800,1000000000000,1600000000000000000
2,10732703,1598400130,247800,101722000000,2260000000000000000
3,10734863,1598428843,247800,79709741240,2986000000000000000
4,10737077,1598457872,270942,120000000000,3784600000000000000
5,10739268,1598486426,247800,120000000000,4663060000000000000
6,10741626,1598518457,247800,97000000000,5629366000000000000
7,10744125,1598551381,247800,74000000000,6692302600000000000
8,10747402,1598594024,247800,55000000000,7861532860000000000
9,10749441,1598621186,247800,73000000000,9147686146000000000
10,10751087,1598642905,247800,110000000000,10562454760600000000
11,10756115,1598710115,247800,71000000000,12118700236660000000
12,10756335,1598713029,247800,281000000000,13830570260326000000
13,10756616,1598716865,247800,110000000000,15713627286358600000
14,10758805,1598745675,247800,250000000000,17784990014994460000
15,10761037,1598775080,247800,251000000000,20063489016493906000
16,10763129,1598803246,247800,300000000000,22569837918143296600
17,10765337,1598832047,247800,320000000000,25326821709957626260
18,10768859,1598879069,247800,220000001459,28359503880953388886
19,10769919,1598893156,247800,301000000000,31695454269048727774
20,10771930,1598918432,315372,200000000000,35364999695953600552
21,10772364,1598924515,106814,228000000000,1279863044000
22,10772408,1598925082,61802,300000000000,767917826000
23,10774048,1598947239,283798,440000000000,39401499665548960607
24,10774118,1598948003,91814,426000000000,14204448260928
25,10776248,1598976053,283798,600000000000,43841649632103856667
26,10777128,1598987583,91814,489000000000,1896859023528
27,10777873,1598997376,91814,480000000000,1792990658927
28,10778459,1599004881,283798,611000000000,48725814595314242334
29,10780602,1599033630,279598,812500000000,54098396054845666568
30,10782775,1599062425,283798,875000000000,60008235660330233225
31,10783508,1599071869,91802,482000000000,397717764664
32,10784947,1599091204,283798,1000000000000,66509059226363256547
33,10786613,1599112947,208793,387000000000,21690900420366833134
34,10786613,1599112947,208793,387000000000,8626856446433
35,10787117,1599120020,268798,1000000000000,73659965148999582202
36,10788351,1599136582,91814,501000000000,3169021380735
37,10789255,1599148821,283793,1200000000000,81525961663899540422
38,10789379,1599150566,208757,466000000000,7500000000000000000
39,10789379,1599150566,208757,466000000000,3686353384841
40,10791410,1599177601,283788,1200000000000,90178557830289494464
41,10791428,1599177775,60846,440000000000,6855374765576
42,10792405,1599190483,208781,251000000000,86221204291367469116
43,10792405,1599190483,208781,251000000000,31662110747429
44,10793688,1599206475,283788,1800000000000,99696413613318443911
45,10793831,1599208257,61600,218000000000,35193189492393438776
46,10795833,1599235203,268788,2000000000000,110166054974650288302
47,10795858,1599235580,76600,310000000000,71483306102091318199
48,10797230,1599253812,208793,122000000000,738330685793571922322
49,10797230,1599253812,208793,122000000000,164823130956418
50,10798017,1599264003,283788,2000000000000,121682660472115317132
51,10798574,1599271053,76600,120000000000,76654145014405221168
52,10800160,1599292810,283788,2550000000000,134350926519326848845
53,10800164,1599292903,61600,219000000000,22768864171809306888
54,10802371,1599321601,283788,4789000000000,148286019171259533730
55,10802389,1599321854,76600,320000000000,25139308964865110063
56,10804565,1599350449,283788,2000000000000,163614621088385487103
57,10804922,1599355235,76588,120000000000,6473473378152884046
58,10804922,1599355235,60846,120000000000,1792990658927
59,10805304,1599360208,76600,122000000000,27746798237226493553
60,10806133,1599371353,208793,119000000000,457199085100696719109
61,10806133,1599371353,208793,119000000000,101763488907839
62,10806755,1599379261,283788,5000000000000,180476083197224035813
63,10806772,1599379531,76600,228000000000,30860465853472245075
64,10808950,1599408011,283788,3001000000000,199023691516946439395
65,10808992,1599408563,76600,124000000000,23395847509135075008
66,10810325,1599425936,91814,85000000000,2693382473993
67,10811170,1599436804,283788,3905000000001,219426060668641083334
68,10813286,1599465643,283788,3002000000000,241868666735505191668
69,10813306,1599465874,76600,101000000000,54011845182702757737
70,10815446,1599493879,91814,130000000000,33178812817652
71,10815486,1599494426,283788,5121000000000,266555533409055710835
72,10815504,1599494628,76600,131000000000,31097040452577629777
73,10817545,1599522064,208757,78000000000,5700000000000000000
74,10817545,1599522064,208757,78000000000,1049090105052
75,10817640,1599523220,283788,6000000000000,293711086749961281918
76,10817764,1599525046,76600,83000000000,31123813571515283703
77,10819808,1599552005,283788,7121000000000,323582195424957410110
78,10819811,1599552063,76600,74000000000,34195283658206333337
79,10820963,1599567694,208757,77520818367,1000000000000000000
80,10820963,1599567694,208757,77520818367,180889062927
81,10821570,1599575864,208793,99000000000,88956235275234174151
82,10821570,1599575864,208793,99000000000,15853574877897
83,10821955,1599580808,283788,7040000000001,356440414967453151121
84,10821975,1599581035,76600,115000000000,37673024473608955154
85,10822984,1599594291,208757,123000000000,9970000000000000000
86,10822984,1599594291,208757,123000000000,1973643914297
87,10823959,1599606858,208793,88000000000,46734632625966735141
88,10823959,1599606858,208793,88000000000,8804171365987
89,10824164,1599609620,283788,5000000000000,392584456464198466233
90,10824271,1599611158,208781,88000000000,5771410669154900335
91,10824271,1599611158,208781,88000000000,1087255542540
92,10824462,1599613826,76600,89000000000,39739963071552915785
93,10826339,1599638424,283788,7250000000000,432342902110618312857
94,10826432,1599639706,208757,99000000000,7530000000000000000
95,10826432,1599639706,208757,99000000000,1484641998618
96,10828397,1599666342,76814,160000000000,6255837607387
97,10828451,1599667203,283788,8250000000000,476077192321680144142
98,10828461,1599667320,76600,161000000000,89294347426046226464
99,10828672,1599670192,76600,174000000000,2283123302052644060270
100,10828788,1599671718,208757,167000000000,15000000000000000000
101,10828788,1599671718,208757,167000000000,2080585866068
102,10828872,1599672523,208757,175000000000,2000000000000000000
103,10828872,1599672523,208757,175000000000,277411447601
104,10828905,1599672920,208793,86900000000,23865349300857957507
105,10828905,1599672920,208793,86900000000,3310260571778
106,10829874,1599685539,91802,89000000000,854252664612
107,10830005,1599687183,91814,89000000000,7006778599183
108,10830426,1599693051,208793,93000000000,19274898168562547533
109,10830426,1599693051,208793,93000000000,2670572702764
110,10830653,1599696011,283788,5550000000000,524184911553848158557
111,10831124,1599702710,76600,105000000000,174421268443674724007
112,10832579,1599722220,208793,178000000000,357956889884951662049
113,10832579,1599722220,208793,178000000000,44558115147534
114,10832782,1599724823,283788,6500000000000,577103402709232974412
115,10832790,1599724913,61588,178000000000,8867680958207699652
116,10832798,1599725031,208793,187000000000,418258376201516944375
117,10832798,1599725031,208793,187000000000,52064383764928
118,10832798,1599725031,60846,177000000000,7006778599183
119,10832837,1599725587,76600,187000000000,53389791408255416042
120,10833511,1599734793,208793,201000000000,25033154817023211174
121,10833511,1599734793,208793,201000000000,4210794772940
122,10833628,1599736462,91814,202000000000,20841468653251
123,10834957,1599753604,283788,5000000000000,635313742980156271854
124,10834962,1599753629,76600,255000000000,53893521030675451608
125,10835299,1599757793,208793,268000000000,41920581837116765464
126,10835299,1599757793,208793,268000000000,7467660044509
127,10835485,1599760388,208793,263000000000,455850067136919441685
128,10835485,1599760388,208793,263000000000,90341804802946
129,10837164,1599782415,283788,7000000000000,699345117278171899039
130,10837179,1599782602,76600,126000000000,583900817647726446152
131,10837185,1599782652,76600,126000000000,30102047112290450642
132,10837539,1599787328,76600,128000000000,50678183218028124679
133,10838258,1599796565,91814,155000000000,61377697603022
134,10839342,1599811260,283788,8550000000000,769779629005989088943
135,10839347,1599811283,76600,300000000000,52663514097604792460
136,10839467,1599812669,208793,120000002694,100281560991122690785
137,10839467,1599812669,208793,120000002694,19286401293677
138,10841530,1599840027,283788,9120000000000,847257591906587997837
139,10841555,1599840354,76600,140000000000,39552217455348025309
140,10842014,1599846511,76588,161000000000,47197620741184890939
141,10842114,1599847896,208769,160000000000,1000000000000000000000
142,10842114,1599847896,208769,160000000000,177294144942793
143,10842139,1599848205,208793,160000000000,75233110754686359871
144,10842139,1599848205,208793,160000000000,13338390042270
145,10842818,1599856817,76814,88000000000,6316118701561
146,10843528,1599866241,76814,85000000000,29581819139606
147,10843652,1599867781,208793,99000000000,136640800905946500027
148,10843652,1599867781,208793,99000000000,24861986886214
149,10843734,1599868806,283788,11000000000000,932483351097246797621
150,10843886,1599870739,208757,85000000000,12690000000000000000
151,10843886,1599870739,208757,85000000000,2019580526715
152,10844425,1599877930,76600,91000000000,51480607651832024240
153,10845282,1599889388,76588,71275167021,6263314934241391559
154,10845847,1599896676,208793,85000000000,81070605534058785800
155,10845847,1599896676,208793,85000000000,12890627877494
156,10845914,1599897606,283788,5500000000000,1026231686206971477383
157,10845930,1599897804,76600,81000001561,41068052429994665396
158,10846347,1599903504,208757,74000000000,15870000000000000000
159,10846347,1599903504,208757,74000000000,2509178327446
160,10846696,1599908093,91814,82000000000,2860466801495
161,10847031,1599912364,91814,83000000000,5591368235446
162,10847796,1599922851,208793,101000000000,152041050561589779948
163,10847796,1599922851,208793,101000000000,25159497205636
164,10848088,1599926421,283788,8000000000000,1129354854827668625122
165,10848206,1599927907,76600,102000000000,44465074742472620596
166,10848419,1599930719,75846,104000000000,25147721639049
167,10848443,1599931038,208793,104000000000,86026372143429836996
168,10848443,1599931038,208793,104000000000,13441734967177
169,10848901,1599936955,208757,93100000000,2600000000000000000
170,10848901,1599936955,208757,93100000000,371591122500
171,10848919,1599937188,208781,98000000000,17450838670328014594
172,10848919,1599937188,208781,98000000000,2494068005411
173,10850024,1599952508,208769,96000000000,170000000000000000000
174,10850024,1599952508,208769,96000000000,23734569468105
175,10850237,1599955217,283788,8000000000001,1242790340310435487634
176,10850240,1599955265,75846,110000000000,17567931457493
177,10850251,1599955473,61600,97000000000,20156778990826896915
178,10850677,1599961110,76600,105000000000,48387914471403349159
179,10851338,1599969649,75834,102000000000,854252664612
180,10851393,1599970436,76588,83000000000,1880250324940780446
181,10851944,1599978003,208769,108000000000,1700000000000000000000
182,10851944,1599978003,208769,108000000000,184513189684876
183,10852383,1599984006,283788,5500000000000,1367569374341479036397
184,10852849,1599989920,76600,93000000000,52703322258053352778
185,10854393,1600009951,76588,135000000000,11470919008551577870
186,10854401,1600010097,75846,135000000000,9181777829472
187,10854610,1600012826,283788,300000000000,1504826311775626940037
188,10854620,1600012904,75846,135000000000,42185826217390
189,10854620,1600012904,76600,135000000000,49304803141697302022
190,10855896,1600030080,91814,71000000000,25622465595773
191,10856781,1600041611,283788,6000000000001,1655808942953189634041
192,10858916,1600070341,208793,191000000000,398447422326713000000
193,10858916,1600070341,208793,191000000000,36846724824189
194,10858923,1600070461,283788,2800000000000,1821889837248508597445
195,10860224,1600087960,60846,254000000000,25622465595773
196,10860227,1600087996,61600,252000000000,36778666468480731233
197,10860353,1600089574,76612,260000000000,5123234710372069441865
198,10860994,1600098146,76814,350000000000,5163748926654
199,10861097,1600099417,283788,352000000000,2004578820973359457190
200,10861143,1600099901,76600,319000000000,1297594846742315353252
201,10861461,1600104260,76600,256000000000,133900329642090528921
202,10861463,1600104308,60846,256000000000,25288459791366
203,10861492,1600104682,208781,237000000000,508949342799524000000
204,10861492,1600104682,208781,237000000000,50377592444725
205,10861502,1600104820,208769,235000000000,213000000000000000000
206,10861502,1600104820,208769,235000000000,20435815720636
207,10863239,1600128090,283788,800000000000,2205536703070695402909
208,10864634,1600146604,208769,145000000000,19460000000000000000
209,10864634,1600146604,208769,145000000000,2190132210824
210,10865387,1600156691,208769,198000000000,154000000000000000000
211,10865387,1600156691,208769,198000000000,17331981556662
212,10865400,1600156861,283788,1500000000000,2426590373377764943199
213,10865807,1600162193,91814,202000000000,11386226261758
214,10867605,1600185606,191942,3001000000000,2669749410715541437519
215,10867714,1600187123,76600,281000000000,225032206607682921328
216,10867718,1600187161,60846,281000000000,88145389722023
217,10867867,1600189038,208793,99999997952,56125788432482952814
218,10867867,1600189038,208793,99999997952,6456326634986
219,10867923,1600189866,106814,120900001459,12311354806545
220,10867927,1600189901,208769,120900001459,31110000000000000000
221,10867927,1600189901,208769,120900001459,3613266487314
222,10868328,1600195092,208793,97000000000,727212552817926322169
223,10868328,1600195092,208793,97000000000,84329401463491
224,10868519,1600197769,208793,104000000000,483376890959655745250
225,10868519,1600197769,208793,104000000000,57578229910141
226,10868544,1600198002,91814,104000000000,20872609780327
227,10869789,1600214419,192086,3001000000000,2937224351787095581271
228,10870093,1600218471,91814,130000000000,2746334339054
229,10870443,1600223015,208793,143183313848,23777280149588256378
230,10870443,1600223015,208793,143183313848,2612014434394
231,10871785,1600241196,208769,178000000000,291000000000000000000
232,10871785,1600241196,208769,178000000000,32522864091957
233,10871932,1600243215,191964,3001000000000,3231446786965805139399
234,10872989,1600257132,76814,112000000000,11952347085626
235,10873488,1600263703,61600,140000000000,26690678262548439333
236,10873670,1600266086,208793,149000000000,30077331562113287764
237,10873670,1600266086,208793,149000000000,3091459514458
238,10873878,1600269313,208793,165000001561,941718459311180353723
239,10873878,1600269313,208793,165000001561,96793310550540
240,10873972,1600270791,208769,169000000000,33170000000000000000
241,10873972,1600270791,208769,169000000000,3409335422048
242,10874088,1600272000,191998,1650000000000,3555091465662385653338
243,10874106,1600272256,75846,170000000000,16988497481234
244,10874149,1600272771,76600,171000000000,344038985053924982997
245,10874151,1600272789,60846,171000000000,90101094002098
246,10874231,1600273834,208793,171000000000,253778566878115880668
247,10874231,1600273834,208793,171000000000,23375482213838
248,10875140,1600286119,208793,80000000000,66604026392985369647
249,10875140,1600286119,208793,80000000000,5291131392809
250,10875760,1600294362,76814,72000000000,5692669413269
251,10876243,1600300802,192074,1650000000000,3911100612228624218672
252,10876263,1600301062,76612,85000000000,12597592786656439329935
253,10876535,1600304409,91814,108900000000,38060313947130
254,10877385,1600315580,76600,600000000000,256601399703558981145
255,10878446,1600329606,192575,3200000000000,4302710673451486640540
256,10878464,1600329857,91814,750000000000,100715381731424
257,10880075,1600350768,208769,550000000000,127500000000000000000
258,10880075,1600350768,208769,550000000000,12539009764860
259,10880539,1600356843,208793,450000000000,1159727308456810673522
260,10880539,1600356843,208793,450000000000,114053584675069
261,10880667,1600358425,191898,3501000000000,4733481740796635304594
262,10880683,1600358614,60846,491000000000,114053584675069
263,10880713,1600358961,208793,491000000000,368094403442419538534
264,10880713,1600358961,208793,491000000000,33777801749749
265,10881387,1600367644,208793,550000000000,525196212789131532006
266,10881387,1600367644,208793,550000000000,48194086591805
267,10882834,1600387214,180061,3282000000000,5207329914876298835053
268,10883223,1600392123,91814,174000000000,35496592709652
269,10883353,1600393909,208793,193000000000,263793821952720511479
270,10883353,1600393909,208793,193000000000,24679151399781
271,10883894,1600401591,76600,300000000000,399477669479511227329
272,10884360,1600408084,76600,307000000000,178344523609284598933
273,10884801,1600414180,208793,420000000000,490467107294798837731
274,10884801,1600414180,208793,420000000000,45964921051264
275,10884935,1600416004,192008,2001000000000,5728562906363928718558
276,10884958,1600416362,60822,498000000000,80000000000000
277,10885057,1600417794,208793,463000000000,416186433803158488520
278,10885057,1600417794,208793,463000000000,37254843309253
279,10885114,1600418614,208793,406000000000,119992005489450232207
280,10885114,1600418614,208793,406000000000,10741059767221
281,10885446,1600422817,61600,210000000000,1310533885005366214564
282,10885826,1600427810,208781,192000000000,77706130903019389291
283,10885826,1600427810,208781,192000000000,6955848376977
284,10886599,1600438504,208793,240000000000,194435304566299910431
285,10886599,1600438504,208793,240000000000,15371306813669
286,10887101,1600444822,192020,1451000000000,6301919197000321590414
287,10887107,1600444933,76612,341000000000,6448747148328765671330
288,10887130,1600445222,61814,341000000000,216353313131388
289,10887284,1600447340,208793,400000000000,2020408631156230436506
290,10887284,1600447340,208793,400000000000,134550976502453
291,10887862,1600454536,91814,407000000000,9651792123006
292,10888050,1600457086,208793,252000000000,313772928889299299235
293,10888050,1600457086,208793,252000000000,20895997629091
294,10888121,1600458232,91814,248417602996,13923684405974
295,10888510,1600463575,91814,180000000000,69645259473549
296,10889227,1600472990,208805,185000000000,13896287195507382882563
297,10889227,1600472990,208805,185000000000,993893286176692
298,10889268,1600473607,192030,2027000000000,6932611116700353749456
299,10889791,1600480357,208781,135000001459,231617814673939824842
300,10889791,1600480357,208781,135000001459,15631364986295
301,10890925,1600495546,76600,142000000000,81394907474968137181
302,10890992,1600496328,208793,121000000000,40659969464503999964
303,10890992,1600496328,208793,121000000000,2879675814438
304,10891151,1600498486,208793,101000000000,298470099602931405412
305,10891151,1600498486,208793,101000000000,21138656531181
306,10891412,1600502235,208793,141900000000,1035229020998909794374
307,10891412,1600502235,208793,141900000000,73445306816471
308,10891433,1600502403,192042,1001000000000,7626372228370389124401
309,10891443,1600502577,76600,129000000000,417960289336968536067
310,10891498,1600503347,91814,131000000000,5648773311111
311,10891715,1600505998,208781,111000001459,49794213107842494340
312,10891715,1600505998,208781,111000001459,3667746318120
313,10892037,1600510301,61600,112000000000,83271088605827200174
314,10892850,1600520825,76600,120000000000,429395904410883854264
315,10893626,1600531224,192096,1001000000000,8389509451207428036842
316,10894198,1600538746,91814,227000000000,127782651479529
317,10895477,1600555577,208793,94000000000,63819803561933150898
318,10895477,1600555577,208793,94000000000,4642685308773
319,10895794,1600560004,192064,1774000000000,9228960396328170840526
320,10895864,1600561073,208793,105000000000,1286486133467221702840
321,10895864,1600561073,208793,105000000000,93587725958100
322,10897984,1600588831,192052,501000000000,10152356435960987924579
323,10897986,1600588894,60834,101000000000,175000000000000
324,10898100,1600590438,208793,93000000000,524037778941349841462
325,10898100,1600590438,208793,93000000000,34835748245811
326,10899257,1600605495,76814,126000000000,39365420516798
327,10899571,1600609572,208769,190000000000,139000000000000000000
328,10899571,1600609572,208769,190000000000,9409347085321
329,10900182,1600617606,192064,501000000000,11168092079557086717036
330,10900196,1600617730,76600,170000000000,169794227696718590805
331,10900370,1600619920,76600,170000000000,349705511874050358982
332,10900396,1600620313,75846,190000000000,5591368235446
333,10900703,1600624203,75846,180000000000,163821637588182
334,10900797,1600625599,208793,81000000000,348527067787697854536
335,10900797,1600625599,208793,81000000000,21838310850757
336,10900938,1600627219,76600,89000000000,336583308531475633779
337,10901079,1600629195,76612,89000000000,22972544189852628085672
338,10902388,1600646431,192030,1001000000000,12285401287512795388740
339,10902393,1600646474,208793,98000000000,251404952649008006343
340,10902393,1600646474,208793,98000000000,15653708985407
341,10902394,1600646512,76588,98000000000,226204110369122746616
342,10902425,1600646911,61588,95000000000,2221777626494379526715
343,10902425,1600646911,91814,94000000000,10236015569036
344,10902842,1600652228,76600,104000000000,242441619772836587396
345,10904368,1600673185,208805,130000000000,5058647904264106674976
346,10904368,1600673185,208805,130000000000,278387178248837
347,10904391,1600673460,208793,120000000000,1457682927226690315516
348,10904391,1600673460,208793,120000000000,80219110831276
349,10904519,1600675222,191932,1201000000000,13514441416264074927614
350,10904525,1600675243,75846,140000000000,12982349908090
351,10904527,1600675278,76612,129000000000,12306018734112600725946
352,10904536,1600675369,61600,129000000000,59416800021159805912
353,10904580,1600675915,75846,129000000000,228387178248837
354,10904608,1600676272,75846,129000000000,83866390484762
355,10904616,1600676338,61814,129000000000,280780381220279
356,10904617,1600676343,208793,129000000000,625965875651643501770
357,10904617,1600676343,208793,129000000000,28320722936989
358,10906739,1600704002,192008,645000000000,14866385557890482420376
359,10906821,1600705005,76600,259000000000,252401485241111721954
360,10907180,1600709387,208793,88000000000,2473870585129032192931
361,10907180,1600709387,208793,88000000000,108406950426558
362,10907934,1600719065,208793,94000000000,271833438252068778046
363,10907934,1600719065,208793,94000000000,11514658512115
364,10908831,1600731084,208793,90000000000,1286498780036403592689
365,10908831,1600731084,208793,90000000000,55511143326686
366,10908954,1600732864,191932,645000000000,16353524113679530662413
367,10908992,1600733380,61600,87000000000,515906658126009371244
368,10909199,1600736174,106814,84700000000,21862321773980
369,10910963,1600759354,208793,95000000000,1654380024478818345324
370,10910963,1600759354,208793,95000000000,71151126522510
371,10911005,1600759933,208769,100000000000,196000000000000000000
372,10911005,1600759933,208769,100000000000,8429514733131
373,10911138,1600761610,192052,551000000000,17989376525047483728655
374,10911178,1600762175,60834,146000000000,220000000000000
375,10911259,1600763420,76826,148000000000,765709522099769
376,10911262,1600763438,208793,155000000000,557480776792876305712
377,10911262,1600763438,208793,155000000000,22427392155459
378,10911445,1600765678,76814,171000000000,67039992114181
379,10913239,1600790402,219276,551000000000,1000000000000000000
380,10913242,1600790449,75858,263000000000,765709522099769
381,10913246,1600790475,75846,280000000000,30098302903934
382,10913247,1600790484,75858,276000000000,321520758772812
383,10913247,1600790484,75846,263000000000,32258836042085
384,10913251,1600790534,75846,249999984741,46674483180304
385,10913255,1600790583,61612,282000000000,10392210571419674695331
386,10913255,1600790583,75858,249999984741,798158756486638
387,10913256,1600790596,76600,301000000000,690536973407064794578
388,10913260,1600790661,75846,280000000000,110057708854492
389,10913263,1600790676,76612,267000000000,13344997644039846450095
390,10913268,1600790798,76612,279000000000,39076978755886838973951
391,10913271,1600790808,75846,249999984741,203106563166016
392,10913271,1600790808,76600,249999984741,1828800542943007331018
393,10913283,1600790916,75858,274000000000,1825503773514954
394,10913342,1600791533,76600,275000000000,391886825870199922006
395,10913681,1600796576,76814,299000000000,273586743707812
396,10913877,1600799266,76600,118000000000,328049915416979051647
397,10914565,1600808348,75846,118000000000,99227078613155
398,10914588,1600808624,61600,119000000000,2124068160926870811440
399,10915393,1600819201,219308,551000000000,1000000000000000000
400,10916182,1600829284,75846,92000000000,273586743707812
401,10916296,1600830808,76826,99000000000,1118310544862393
402,10916417,1600832371,76826,110000000000,285756544147360
403,10917483,1600845832,208793,88000000000,1166126812767794600391
404,10917483,1600845832,208793,88000000000,49400272324544
405,10917649,1600848001,506617,801000000000,1000000000000000000
406,10919815,1600876804,204902,801000000000,1000000000000000000
407,10919846,1600877166,75858,162000000000,285756544147360
408,10919865,1600877367,61588,168000000000,632573926831342443
409,10919958,1600878638,75858,151000000000,1118310544862393
410,10921756,1600903569,76588,66000000000,351504575962030999
411,10921920,1600905603,213694,501000000000,1000000000000000000
412,10922677,1600915931,75846,90000000000,67039992114181
413,10925849,1600957405,60858,111000000000,292776704414187
414,10928434,1600992006,344843,751000000000,1000000000000000000
415,10928476,1600992439,91814,84000000000,181996092940088
416,10930706,1601021900,76588,95000000000,970369640039366352
417,10934892,1601078527,363589,100000000000,1000000000000000000
418,10934939,1601079181,60846,75000000000,181996092940088
419,10941313,1601164847,326755,501000000000,1000000000000000000
420,10947679,1601251200,205357,301000000000,1000000000000000000
421,10954083,1601337666,205433,301000000000,1000000000000000000
422,10960470,1601424024,208251,301000000000,1000000000000000000
423,10966874,1601510410,205257,301000000000,1000000000000000000
424,10973299,1601596808,208119,301000000000,1000000000000000000
425,10979660,1601683204,208107,301000000000,1000000000000000000
426,10986035,1601769603,208321,301000000000,1000000000000000000
427,10986211,1601772081,60846,77000000000,61377697603022
428,10986217,1601772150,61612,67000000000,5891121671857103054157
429,10992408,1601856002,208283,301000000000,1000000000000000000
430,10998854,1601942411,205383,301000000000,1000000000000000000
431,11005326,1602028803,228395,251000000000,1000000000000000000
432,11011668,1602115264,337423,90000000000,1000000000000000000
433,11017965,1602201608,220838,251000000000,1000000000000000000
434,11020045,1602230410,334966,75900000000,1000000000000000000
435,11022207,1602259235,334966,275000000000,1000000000000000000
436,11024342,1602288038,349940,1450000000000,1000000000000000000
437,11026524,1602316813,535490,3169696969696,1000000000000000000
438,11028630,1602345610,545829,6269696969696,1000000000000000000
439,11030653,1602371530,45868,29000000000,9651792123006
440,11030851,1602374421,530819,6769696969696,1000000000000000000
441,11031099,1602377657,61622,32000000000,411047432828228798409
442,11032980,1602403225,545829,1696969696969,1000000000000000000
443,11035157,1602432015,233976,501000000000,1000000000000000000
444,11037420,1602460850,360792,38400000000,1000000000000000000
445,11039560,1602489613,444033,3888000000000,1000000000000000000
446,11041718,1602518431,233955,201000000000,1000000000000000000
447,11043877,1602547209,439833,888000000000,1000000000000000000
448,11044088,1602549900,106848,94000000000,679360496388482
449,11046088,1602576021,236633,201000000000,1000000000000000000
450,11048243,1602604806,236753,201000000000,1000000000000000000
451,11050451,1602633612,232495,201000000000,1000000000000000000
452,11051776,1602651746,91848,84000000000,503878469357920
453,11052607,1602662400,236797,201000000000,1000000000000000000
454,11054761,1602691236,204012,201000000000,1000000000000000000
455,11056990,1602720005,204000,201000000000,1000000000000000000
456,11059154,1602748805,204012,201000000000,1000000000000000000
457,11061338,1602777607,233855,201000000000,1000000000000000000
458,11063555,1602806401,236611,201000000000,1000000000000000000
459,11065713,1602835216,213027,201000000000,1000000000000000000
460,11067886,1602864008,198467,201000000000,1000000000000000000
461,11070050,1602892813,311326,57400000000,1000000000000000000
462,11072240,1602921604,243229,51800000000,1000000000000000000
463,11074414,1602950694,322187,42000000000,1000000000000000000
464,11076577,1602979207,213185,32199999999,1000000000000000000
465,11078103,1602999803,45880,22200000000,1183238965746402
466,11078702,1603008000,213261,44660000000,1000000000000000000
467,11080843,1603036804,213075,50610000000,1000000000000000000
468,11083027,1603065620,228063,35560000000,1000000000000000000
469,11085240,1603094414,228229,60199999999,1000000000000000000
470,11087423,1603123200,248483,197648500000,1000000000000000000
471,11089621,1603152005,225937,33291999999,1000000000000000000
472,11091391,1603175087,106848,31593818182,431145771776926
473,11091778,1603180818,226017,102200000000,1000000000000000000
474,11093977,1603209602,225935,197400000000,1000000000000000000
475,11096126,1603238433,225929,110320000000,1000000000000000000
476,11096385,1603241812,45880,55199999999,431145771776926
477,11098297,1603267207,226023,62859999999,1000000000000000000
478,11100478,1603296003,219643,200844000000,1000000000000000000
479,11102213,1603319484,106836,50000000000,136381502891964
480,11102639,1603324807,343613,98000000000,1000000000000000000
481,11104792,1603353606,226017,251000000000,1000000000000000000
482,11106948,1603382416,225924,251000000000,1000000000000000000
483,11106961,1603382616,45868,90000000000,136381502891964
484,11106963,1603382646,61598,85000000000,20000000000000000000
485,11109177,1603411200,342371,751000000000,1000000000000000000
486,11111326,1603440006,225979,151000000000,1000000000000000000
487,11113503,1603468816,225995,282800000000,1000000000000000000
488,11115651,1603497620,225979,151000000000,1000000000000000000
489,11117848,1603526414,225929,151000000000,1000000000000000000
490,11120021,1603555206,219611,151000000000,1000000000000000000
491,11122233,1603584015,225929,151000000000,1000000000000000000
492,11124397,1603612801,219611,151000000000,1000000000000000000
493,11126516,1603641613,219511,151000000000,1000000000000000000
494,11128713,1603670433,225979,151000000000,1000000000000000000
495,11130833,1603699224,225929,151000000000,1000000000000000000
496,11132981,1603728002,343613,231165000000,1000000000000000000
497,11135178,1603756805,225995,251000000000,1000000000000000000
498,11137379,1603785611,225935,251000000000,1000000000000000000
499,11139584,1603814410,225995,251000000000,1000000000000000000
500,11141079,1603834309,106836,21000000000,29720726219424
501,11141723,1603843208,226001,251000000000,1000000000000000000
502,11141784,1603844013,76836,27000000000,26367051746237
503,11143915,1603872004,343639,101643000000,1000000000000000000
504,11144387,1603878083,76586,37400000000,16000000000000000000
505,11144411,1603878404,60868,38400000000,29720726219424
506,11146101,1603900802,209872,251000000000,1000000000000000000
507,11148274,1603929641,213465,251000000000,1000000000000000000
508,11150448,1603958404,198279,251000000000,1000000000000000000
509,11152616,1603987204,198465,251000000000,1000000000000000000
510,11153237,1603995012,45868,57000000000,26367051746237
511,11154800,1604016007,198389,251000000000,1000000000000000000
512,11156972,1604044821,198355,201000000000,1000000000000000000
513,11159092,1604073606,205320,201000000000,1000000000000000000
514,11161291,1604102403,198355,101000000000,1000000000000000000
515,11163424,1604131242,198367,101000000000,1000000000000000000
516,11165640,1604160005,198381,101000000000,1000000000000000000
517,11167817,1604188803,198367,101000000000,1000000000000000000
518,11168014,1604191548,106836,18000000000,26367051746237
519,11169931,1604217602,198355,101000000000,1000000000000000000
520,11172140,1604246401,198367,101000000000,1000000000000000000
521,11174328,1604275208,198355,101000000000,1000000000000000000
522,11176432,1604304021,198367,101000000000,1000000000000000000
523,11178613,1604332807,198355,114000000000,1000000000000000000
524,11180802,1604361612,202382,151000000000,1000000000000000000
525,11182986,1604390406,204433,151000000000,1000000000000000000
526,11185128,1604419200,289567,177000000000,1000000000000000000
527,11187320,1604448000,389632,15001000000000,1000000000000000000
528,11189465,1604476829,224109,501000000000,1000000000000000000
529,11191618,1604505603,219476,151000000000,1000000000000000000
530,11193847,1604534417,200540,151000000000,1000000000000000000
531,11195961,1604563225,308998,175000000000,1000000000000000000
532,11198166,1604592003,204462,201000000000,1000000000000000000
533,11200361,1604620816,200502,201000000000,1000000000000000000
534,11202571,1604649604,200514,201000000000,1000000000000000000
535,11204337,1604673010,45868,67000000000,26367051746237
536,11204337,1604673010,76598,67000000000,27000000000000000000
537,11204742,1604678405,204450,201000000000,1000000000000000000
538,11206900,1604707203,204462,201000000000,1000000000000000000
539,11209095,1604736039,200502,201000000000,1000000000000000000
540,11211236,1604764825,204488,201000000000,1000000000000000000
541,11213401,1604793612,204450,201000000000,1000000000000000000
542,11215569,1604822418,200540,201000000000,1000000000000000000
543,11217703,1604851200,246642,252000000000,1000000000000000000
544,11219938,1604880008,200540,217000000000,1000000000000000000
545,11222069,1604908804,444202,600000000000,1000000000000000000
546,11224249,1604937600,219488,225000000000,1000000000000000000
547,11226445,1604966403,378371,21150000000001,1000000000000000000
548,11228635,1604995208,770806,888000000000,1000000000000000000
549,11230722,1605024002,415432,125130000000000,1000000000000000000
550,11232897,1605052815,293026,2005000000000,1000000000000000000
551,11235102,1605081617,719869,3227000000000,1000000000000000000
552,11237290,1605110419,382947,16039688440148,1000000000000000000
553,11239425,1605139220,467115,39762554484844,1000000000000000000
554,11241621,1605168028,260635,4121000000000,1000000000000000000
555,11243729,1605196807,219476,101000000000,1000000000000000000
556,11245938,1605225628,204488,101000000000,1000000000000000000
557,11248159,1605254433,204476,101000000000,1000000000000000000
558,11250295,1605283210,381527,13017653416509,1000000000000000000
559,11252471,1605312019,422124,116538000000000,1000000000000000000
