,blockNumber,timeStamp,contractAddress,from,gasUsed,gasPrice,value
0,10728384,1598342633,0x36f3fd68e7325a35eb768f1aedaae9ea0689d723,0x0000000000000000000000000000000000000000,285942,120000000000,1000000000000000000
1,10730531,1598371432,0x36f3fd68e7325a35eb768f1aedaae9ea0689d723,0x0000000000000000000000000000000000000000,247800,1000000000000,1600000000000000000
2,10732703,1598400130,0x36f3fd68e7325a35eb768f1aedaae9ea0689d723,0x0000000000000000000000000000000000000000,247800,101722000000,2260000000000000000
3,10734863,1598428843,0x36f3fd68e7325a35eb768f1aedaae9ea0689d723,0x0000000000000000000000000000000000000000,247800,79709741240,2986000000000000000
4,10737077,1598457872,0x36f3fd68e7325a35eb768f1aedaae9ea0689d723,0x0000000000000000000000000000000000000000,270942,120000000000,3784600000000000000
5,10739268,1598486426,0x36f3fd68e7325a35eb768f1aedaae9ea0689d723,0x0000000000000000000000000000000000000000,247800,120000000000,4663060000000000000
6,10741626,1598518457,0x36f3fd68e7325a35eb768f1aedaae9ea0689d723,0x0000000000000000000000000000000000000000,247800,97000000000,5629366000000000000
7,10744125,1598551381,0x36f3fd68e7325a35eb768f1aedaae9ea0689d723,0x0000000000000000000000000000000000000000,247800,74000000000,6692302600000000000
8,10747402,1598594024,0x36f3fd68e7325a35eb768f1aedaae9ea0689d723,0x0000000000000000000000000000000000000000,247800,55000000000,7861532860000000000
9,10749441,1598621186,0x36f3fd68e7325a35eb768f1aedaae9ea0689d723,0x0000000000000000000000000000000000000000,247800,73000000000,9147686146000000000
10,10751087,1598642905,0x36f3fd68e7325a35eb768f1aedaae9ea0689d723,0x0000000000000000000000000000000000000000,247800,110000000000,10562454760600000000
11,10756115,1598710115,0x36f3fd68e7325a35eb768f1aedaae9ea0689d723,0x0000000000000000000000000000000000000000,247800,71000000000,12118700236660000000
12,10756335,1598713029,0x36f3fd68e7325a35eb768f1aedaae9ea0689d723,0x0000000000000000000000000000000000000000,247800,281000000000,13830570260326000000
13,10756616,1598716865,0x36f3fd68e7325a35eb768f1aedaae9ea0689d723,0x0000000000000000000000000000000000000000,247800,110000000000,15713627286358600000
14,10758805,1598745675,0x36f3fd68e7325a35eb768f1aedaae9ea0689d723,0x0000000000000000000000000000000000000000,247800,250000000000,17784990014994460000
15,10761037,1598775080,0x36f3fd68e7325a35eb768f1aedaae9ea0689d723,0x0000000000000000000000000000000000000000,247800,251000000000,20063489016493906000
16,10763129,1598803246,0x36f3fd68e7325a35eb768f1aedaae9ea0689d723,0x0000000000000000000000000000000000000000,247800,300000000000,22569837918143296600
17,10765337,1598832047,0x36f3fd68e7325a35eb768f1aedaae9ea0689d723,0x0000000000000000000000000000000000000000,247800,320000000000,25326821709957626260
18,10768859,1598879069,0x36f3fd68e7325a35eb768f1aedaae9ea0689d723,0x0000000000000000000000000000000000000000,247800,220000001459,28359503880953388886
19,10769919,1598893156,0x36f3fd68e7325a35eb768f1aedaae9ea0689d723,0x0000000000000000000000000000000000000000,247800,301000000000,31695454269048727774
20,10771930,1598918432,0x36f3fd68e7325a35eb768f1aedaae9ea0689d723,0x0000000000000000000000000000000000000000,315372,200000000000,35364999695953600552
23,10774048,1598947239,0x36f3fd68e7325a35eb768f1aedaae9ea0689d723,0x0000000000000000000000000000000000000000,283798,440000000000,39401499665548960607
25,10776248,1598976053,0x36f3fd68e7325a35eb768f1aedaae9ea0689d723,0x0000000000000000000000000000000000000000,283798,600000000000,43841649632103856667
28,10778459,1599004881,0x36f3fd68e7325a35eb768f1aedaae9ea0689d723,0x0000000000000000000000000000000000000000,283798,611000000000,48725814595314242334
29,10780602,1599033630,0x36f3fd68e7325a35eb768f1aedaae9ea0689d723,0x0000000000000000000000000000000000000000,279598,812500000000,54098396054845666568
30,10782775,1599062425,0x36f3fd68e7325a35eb768f1aedaae9ea0689d723,0x0000000000000000000000000000000000000000,283798,875000000000,60008235660330233225
32,10784947,1599091204,0x36f3fd68e7325a35eb768f1aedaae9ea0689d723,0x0000000000000000000000000000000000000000,283798,1000000000000,66509059226363256547
33,10786613,1599112947,0x36f3fd68e7325a35eb768f1aedaae9ea0689d723,0xdf0ae5504a48ab9f913f8490fbef1b9333a68e68,208793,387000000000,21690900420366833134
35,10787117,1599120020,0x36f3fd68e7325a35eb768f1aedaae9ea0689d723,0x0000000000000000000000000000000000000000,268798,1000000000000,73659965148999582202
37,10789255,1599148821,0x36f3fd68e7325a35eb768f1aedaae9ea0689d723,0x0000000000000000000000000000000000000000,283793,1200000000000,81525961663899540422
38,10789379,1599150566,0x36f3fd68e7325a35eb768f1aedaae9ea0689d723,0xdf0ae5504a48ab9f913f8490fbef1b9333a68e68,208757,466000000000,7500000000000000000
40,10791410,1599177601,0x36f3fd68e7325a35eb768f1aedaae9ea0689d723,0x0000000000000000000000000000000000000000,283788,1200000000000,90178557830289494464
42,10792405,1599190483,0x36f3fd68e7325a35eb768f1aedaae9ea0689d723,0xdf0ae5504a48ab9f913f8490fbef1b9333a68e68,208781,251000000000,86221204291367469116
44,10793688,1599206475,0x36f3fd68e7325a35eb768f1aedaae9ea0689d723,0x0000000000000000000000000000000000000000,283788,1800000000000,99696413613318443911
45,10793831,1599208257,0x36f3fd68e7325a35eb768f1aedaae9ea0689d723,0xdf0ae5504a48ab9f913f8490fbef1b9333a68e68,61600,218000000000,35193189492393438776
46,10795833,1599235203,0x36f3fd68e7325a35eb768f1aedaae9ea0689d723,0x0000000000000000000000000000000000000000,268788,2000000000000,110166054974650288302
47,10795858,1599235580,0x36f3fd68e7325a35eb768f1aedaae9ea0689d723,0xdf0ae5504a48ab9f913f8490fbef1b9333a68e68,76600,310000000000,71483306102091318199
48,10797230,1599253812,0x36f3fd68e7325a35eb768f1aedaae9ea0689d723,0xdf0ae5504a48ab9f913f8490fbef1b9333a68e68,208793,122000000000,738330685793571922322
50,10798017,1599264003,0x36f3fd68e7325a35eb768f1aedaae9ea0689d723,0x0000000000000000000000000000000000000000,283788,2000000000000,121682660472115317132
51,10798574,1599271053,0x36f3fd68e7325a35eb768f1aedaae9ea0689d723,0xdf0ae5504a48ab9f913f8490fbef1b9333a68e68,76600,120000000000,76654145014405221168
52,10800160,1599292810,0x36f3fd68e7325a35eb768f1aedaae9ea0689d723,0x0000000000000000000000000000000000000000,283788,2550000000000,134350926519326848845
53,10800164,1599292903,0x36f3fd68e7325a35eb768f1aedaae9ea0689d723,0xdf0ae5504a48ab9f913f8490fbef1b9333a68e68,61600,219000000000,22768864171809306888
54,10802371,1599321601,0x36f3fd68e7325a35eb768f1aedaae9ea0689d723,0x0000000000000000000000000000000000000000,283788,4789000000000,148286019171259533730
55,10802389,1599321854,0x36f3fd68e7325a35eb768f1aedaae9ea0689d723,0xdf0ae5504a48ab9f913f8490fbef1b9333a68e68,76600,320000000000,25139308964865110063
56,10804565,1599350449,0x36f3fd68e7325a35eb768f1aedaae9ea0689d723,0x0000000000000000000000000000000000000000,283788,2000000000000,163614621088385487103
57,10804922,1599355235,0x36f3fd68e7325a35eb768f1aedaae9ea0689d723,0xdf0ae5504a48ab9f913f8490fbef1b9333a68e68,76588,120000000000,6473473378152884046
59,10805304,1599360208,0x36f3fd68e7325a35eb768f1aedaae9ea0689d723,0xdf0ae5504a48ab9f913f8490fbef1b9333a68e68,76600,122000000000,27746798237226493553
60,10806133,1599371353,0x36f3fd68e7325a35eb768f1aedaae9ea0689d723,0xdf0ae5504a48ab9f913f8490fbef1b9333a68e68,208793,119000000000,457199085100696719109
62,10806755,1599379261,0x36f3fd68e7325a35eb768f1aedaae9ea0689d723,0x0000000000000000000000000000000000000000,283788,5000000000000,180476083197224035813
63,10806772,1599379531,0x36f3fd68e7325a35eb768f1aedaae9ea0689d723,0xdf0ae5504a48ab9f913f8490fbef1b9333a68e68,76600,228000000000,30860465853472245075
64,10808950,1599408011,0x36f3fd68e7325a35eb768f1aedaae9ea0689d723,0x0000000000000000000000000000000000000000,283788,3001000000000,199023691516946439395
65,10808992,1599408563,0x36f3fd68e7325a35eb768f1aedaae9ea0689d723,0xdf0ae5504a48ab9f913f8490fbef1b9333a68e68,76600,124000000000,23395847509135075008
67,10811170,1599436804,0x36f3fd68e7325a35eb768f1aedaae9ea0689d723,0x0000000000000000000000000000000000000000,283788,3905000000001,219426060668641083334
68,10813286,1599465643,0x36f3fd68e7325a35eb768f1aedaae9ea0689d723,0x0000000000000000000000000000000000000000,283788,3002000000000,241868666735505191668
69,10813306,1599465874,0x36f3fd68e7325a35eb768f1aedaae9ea0689d723,0xdf0ae5504a48ab9f913f8490fbef1b9333a68e68,76600,101000000000,54011845182702757737
71,10815486,1599494426,0x36f3fd68e7325a35eb768f1aedaae9ea0689d723,0x0000000000000000000000000000000000000000,283788,5121000000000,266555533409055710835
72,10815504,1599494628,0x36f3fd68e7325a35eb768f1aedaae9ea0689d723,0xdf0ae5504a48ab9f913f8490fbef1b9333a68e68,76600,131000000000,31097040452577629777
73,10817545,1599522064,0x36f3fd68e7325a35eb768f1aedaae9ea0689d723,0xdf0ae5504a48ab9f913f8490fbef1b9333a68e68,208757,78000000000,5700000000000000000
75,10817640,1599523220,0x36f3fd68e7325a35eb768f1aedaae9ea0689d723,0x0000000000000000000000000000000000000000,283788,6000000000000,293711086749961281918
76,10817764,1599525046,0x36f3fd68e7325a35eb768f1aedaae9ea0689d723,0xdf0ae5504a48ab9f913f8490fbef1b9333a68e68,76600,83000000000,31123813571515283703
77,10819808,1599552005,0x36f3fd68e7325a35eb768f1aedaae9ea0689d723,0x0000000000000000000000000000000000000000,283788,7121000000000,323582195424957410110
78,10819811,1599552063,0x36f3fd68e7325a35eb768f1aedaae9ea0689d723,0xdf0ae5504a48ab9f913f8490fbef1b9333a68e68,76600,74000000000,34195283658206333337
79,10820963,1599567694,0x36f3fd68e7325a35eb768f1aedaae9ea0689d723,0xdf0ae5504a48ab9f913f8490fbef1b9333a68e68,208757,77520818367,1000000000000000000
81,10821570,1599575864,0x36f3fd68e7325a35eb768f1aedaae9ea0689d723,0xdf0ae5504a48ab9f913f8490fbef1b9333a68e68,208793,99000000000,88956235275234174151
83,10821955,1599580808,0x36f3fd68e7325a35eb768f1aedaae9ea0689d723,0x0000000000000000000000000000000000000000,283788,7040000000001,356440414967453151121
84,10821975,1599581035,0x36f3fd68e7325a35eb768f1aedaae9ea0689d723,0xdf0ae5504a48ab9f913f8490fbef1b9333a68e68,76600,115000000000,37673024473608955154
85,10822984,1599594291,0x36f3fd68e7325a35eb768f1aedaae9ea0689d723,0xdf0ae5504a48ab9f913f8490fbef1b9333a68e68,208757,123000000000,9970000000000000000
87,10823959,1599606858,0x36f3fd68e7325a35eb768f1aedaae9ea0689d723,0xdf0ae5504a48ab9f913f8490fbef1b9333a68e68,208793,88000000000,46734632625966735141
89,10824164,1599609620,0x36f3fd68e7325a35eb768f1aedaae9ea0689d723,0x0000000000000000000000000000000000000000,283788,5000000000000,392584456464198466233
90,10824271,1599611158,0x36f3fd68e7325a35eb768f1aedaae9ea0689d723,0xdf0ae5504a48ab9f913f8490fbef1b9333a68e68,208781,88000000000,5771410669154900335
92,10824462,1599613826,0x36f3fd68e7325a35eb768f1aedaae9ea0689d723,0xdf0ae5504a48ab9f913f8490fbef1b9333a68e68,76600,89000000000,39739963071552915785
93,10826339,1599638424,0x36f3fd68e7325a35eb768f1aedaae9ea0689d723,0x0000000000000000000000000000000000000000,283788,7250000000000,432342902110618312857
94,10826432,1599639706,0x36f3fd68e7325a35eb768f1aedaae9ea0689d723,0xdf0ae5504a48ab9f913f8490fbef1b9333a68e68,208757,99000000000,7530000000000000000
97,10828451,1599667203,0x36f3fd68e7325a35eb768f1aedaae9ea0689d723,0x0000000000000000000000000000000000000000,283788,8250000000000,476077192321680144142
98,10828461,1599667320,0x36f3fd68e7325a35eb768f1aedaae9ea0689d723,0xdf0ae5504a48ab9f913f8490fbef1b9333a68e68,76600,161000000000,89294347426046226464
99,10828672,1599670192,0x36f3fd68e7325a35eb768f1aedaae9ea0689d723,0xdf0ae5504a48ab9f913f8490fbef1b9333a68e68,76600,174000000000,2283123302052644060270
100,10828788,1599671718,0x36f3fd68e7325a35eb768f1aedaae9ea0689d723,0xdf0ae5504a48ab9f913f8490fbef1b9333a68e68,208757,167000000000,15000000000000000000
102,10828872,1599672523,0x36f3fd68e7325a35eb768f1aedaae9ea0689d723,0xdf0ae5504a48ab9f913f8490fbef1b9333a68e68,208757,175000000000,2000000000000000000
104,10828905,1599672920,0x36f3fd68e7325a35eb768f1aedaae9ea0689d723,0xdf0ae5504a48ab9f913f8490fbef1b9333a68e68,208793,86900000000,23865349300857957507
108,10830426,1599693051,0x36f3fd68e7325a35eb768f1aedaae9ea0689d723,0xdf0ae5504a48ab9f913f8490fbef1b9333a68e68,208793,93000000000,19274898168562547533
110,10830653,1599696011,0x36f3fd68e7325a35eb768f1aedaae9ea0689d723,0x0000000000000000000000000000000000000000,283788,5550000000000,524184911553848158557
111,10831124,1599702710,0x36f3fd68e7325a35eb768f1aedaae9ea0689d723,0xdf0ae5504a48ab9f913f8490fbef1b9333a68e68,76600,105000000000,174421268443674724007
112,10832579,1599722220,0x36f3fd68e7325a35eb768f1aedaae9ea0689d723,0xdf0ae5504a48ab9f913f8490fbef1b9333a68e68,208793,178000000000,357956889884951662049
114,10832782,1599724823,0x36f3fd68e7325a35eb768f1aedaae9ea0689d723,0x0000000000000000000000000000000000000000,283788,6500000000000,577103402709232974412
115,10832790,1599724913,0x36f3fd68e7325a35eb768f1aedaae9ea0689d723,0xdf0ae5504a48ab9f913f8490fbef1b9333a68e68,61588,178000000000,8867680958207699652
116,10832798,1599725031,0x36f3fd68e7325a35eb768f1aedaae9ea0689d723,0xdf0ae5504a48ab9f913f8490fbef1b9333a68e68,208793,187000000000,418258376201516944375
119,10832837,1599725587,0x36f3fd68e7325a35eb768f1aedaae9ea0689d723,0xdf0ae5504a48ab9f913f8490fbef1b9333a68e68,76600,187000000000,53389791408255416042
120,10833511,1599734793,0x36f3fd68e7325a35eb768f1aedaae9ea0689d723,0xdf0ae5504a48ab9f913f8490fbef1b9333a68e68,208793,201000000000,25033154817023211174
123,10834957,1599753604,0x36f3fd68e7325a35eb768f1aedaae9ea0689d723,0x0000000000000000000000000000000000000000,283788,5000000000000,635313742980156271854
124,10834962,1599753629,0x36f3fd68e7325a35eb768f1aedaae9ea0689d723,0xdf0ae5504a48ab9f913f8490fbef1b9333a68e68,76600,255000000000,53893521030675451608
125,10835299,1599757793,0x36f3fd68e7325a35eb768f1aedaae9ea0689d723,0xdf0ae5504a48ab9f913f8490fbef1b9333a68e68,208793,268000000000,41920581837116765464
127,10835485,1599760388,0x36f3fd68e7325a35eb768f1aedaae9ea0689d723,0xdf0ae5504a48ab9f913f8490fbef1b9333a68e68,208793,263000000000,455850067136919441685
129,10837164,1599782415,0x36f3fd68e7325a35eb768f1aedaae9ea0689d723,0x0000000000000000000000000000000000000000,283788,7000000000000,699345117278171899039
130,10837179,1599782602,0x36f3fd68e7325a35eb768f1aedaae9ea0689d723,0xdf0ae5504a48ab9f913f8490fbef1b9333a68e68,76600,126000000000,583900817647726446152
131,10837185,1599782652,0x36f3fd68e7325a35eb768f1aedaae9ea0689d723,0xdf0ae5504a48ab9f913f8490fbef1b9333a68e68,76600,126000000000,30102047112290450642
132,10837539,1599787328,0x36f3fd68e7325a35eb768f1aedaae9ea0689d723,0xdf0ae5504a48ab9f913f8490fbef1b9333a68e68,76600,128000000000,50678183218028124679
134,10839342,1599811260,0x36f3fd68e7325a35eb768f1aedaae9ea0689d723,0x0000000000000000000000000000000000000000,283788,8550000000000,769779629005989088943
135,10839347,1599811283,0x36f3fd68e7325a35eb768f1aedaae9ea0689d723,0xdf0ae5504a48ab9f913f8490fbef1b9333a68e68,76600,300000000000,52663514097604792460
136,10839467,1599812669,0x36f3fd68e7325a35eb768f1aedaae9ea0689d723,0xdf0ae5504a48ab9f913f8490fbef1b9333a68e68,208793,120000002694,100281560991122690785
138,10841530,1599840027,0x36f3fd68e7325a35eb768f1aedaae9ea0689d723,0x0000000000000000000000000000000000000000,283788,9120000000000,847257591906587997837
139,10841555,1599840354,0x36f3fd68e7325a35eb768f1aedaae9ea0689d723,0xdf0ae5504a48ab9f913f8490fbef1b9333a68e68,76600,140000000000,39552217455348025309
140,10842014,1599846511,0x36f3fd68e7325a35eb768f1aedaae9ea0689d723,0xdf0ae5504a48ab9f913f8490fbef1b9333a68e68,76588,161000000000,47197620741184890939
141,10842114,1599847896,0x36f3fd68e7325a35eb768f1aedaae9ea0689d723,0xdf0ae5504a48ab9f913f8490fbef1b9333a68e68,208769,160000000000,1000000000000000000000
143,10842139,1599848205,0x36f3fd68e7325a35eb768f1aedaae9ea0689d723,0xdf0ae5504a48ab9f913f8490fbef1b9333a68e68,208793,160000000000,75233110754686359871
147,10843652,1599867781,0x36f3fd68e7325a35eb768f1aedaae9ea0689d723,0xdf0ae5504a48ab9f913f8490fbef1b9333a68e68,208793,99000000000,136640800905946500027
149,10843734,1599868806,0x36f3fd68e7325a35eb768f1aedaae9ea0689d723,0x0000000000000000000000000000000000000000,283788,11000000000000,932483351097246797621
150,10843886,1599870739,0x36f3fd68e7325a35eb768f1aedaae9ea0689d723,0xdf0ae5504a48ab9f913f8490fbef1b9333a68e68,208757,85000000000,12690000000000000000
152,10844425,1599877930,0x36f3fd68e7325a35eb768f1aedaae9ea0689d723,0xdf0ae5504a48ab9f913f8490fbef1b9333a68e68,76600,91000000000,51480607651832024240
153,10845282,1599889388,0x36f3fd68e7325a35eb768f1aedaae9ea0689d723,0xdf0ae5504a48ab9f913f8490fbef1b9333a68e68,76588,71275167021,6263314934241391559
154,10845847,1599896676,0x36f3fd68e7325a35eb768f1aedaae9ea0689d723,0xdf0ae5504a48ab9f913f8490fbef1b9333a68e68,208793,85000000000,81070605534058785800
156,10845914,1599897606,0x36f3fd68e7325a35eb768f1aedaae9ea0689d723,0x0000000000000000000000000000000000000000,283788,5500000000000,1026231686206971477383
157,10845930,1599897804,0x36f3fd68e7325a35eb768f1aedaae9ea0689d723,0xdf0ae5504a48ab9f913f8490fbef1b9333a68e68,76600,81000001561,41068052429994665396
158,10846347,1599903504,0x36f3fd68e7325a35eb768f1aedaae9ea0689d723,0xdf0ae5504a48ab9f913f8490fbef1b9333a68e68,208757,74000000000,15870000000000000000
162,10847796,1599922851,0x36f3fd68e7325a35eb768f1aedaae9ea0689d723,0xdf0ae5504a48ab9f913f8490fbef1b9333a68e68,208793,101000000000,152041050561589779948
164,10848088,1599926421,0x36f3fd68e7325a35eb768f1aedaae9ea0689d723,0x0000000000000000000000000000000000000000,283788,8000000000000,1129354854827668625122
165,10848206,1599927907,0x36f3fd68e7325a35eb768f1aedaae9ea0689d723,0xdf0ae5504a48ab9f913f8490fbef1b9333a68e68,76600,102000000000,44465074742472620596
167,10848443,1599931038,0x36f3fd68e7325a35eb768f1aedaae9ea0689d723,0xdf0ae5504a48ab9f913f8490fbef1b9333a68e68,208793,104000000000,86026372143429836996
169,10848901,1599936955,0x36f3fd68e7325a35eb768f1aedaae9ea0689d723,0xdf0ae5504a48ab9f913f8490fbef1b9333a68e68,208757,93100000000,2600000000000000000
171,10848919,1599937188,0x36f3fd68e7325a35eb768f1aedaae9ea0689d723,0xdf0ae5504a48ab9f913f8490fbef1b9333a68e68,208781,98000000000,17450838670328014594
173,10850024,1599952508,0x36f3fd68e7325a35eb768f1aedaae9ea0689d723,0xdf0ae5504a48ab9f913f8490fbef1b9333a68e68,208769,96000000000,170000000000000000000
175,10850237,1599955217,0x36f3fd68e7325a35eb768f1aedaae9ea0689d723,0x0000000000000000000000000000000000000000,283788,8000000000001,1242790340310435487634
177,10850251,1599955473,0x36f3fd68e7325a35eb768f1aedaae9ea0689d723,0xdf0ae5504a48ab9f913f8490fbef1b9333a68e68,61600,97000000000,20156778990826896915
178,10850677,1599961110,0x36f3fd68e7325a35eb768f1aedaae9ea0689d723,0xdf0ae5504a48ab9f913f8490fbef1b9333a68e68,76600,105000000000,48387914471403349159
180,10851393,1599970436,0x36f3fd68e7325a35eb768f1aedaae9ea0689d723,0xdf0ae5504a48ab9f913f8490fbef1b9333a68e68,76588,83000000000,1880250324940780446
181,10851944,1599978003,0x36f3fd68e7325a35eb768f1aedaae9ea0689d723,0xdf0ae5504a48ab9f913f8490fbef1b9333a68e68,208769,108000000000,1700000000000000000000
183,10852383,1599984006,0x36f3fd68e7325a35eb768f1aedaae9ea0689d723,0x0000000000000000000000000000000000000000,283788,5500000000000,1367569374341479036397
184,10852849,1599989920,0x36f3fd68e7325a35eb768f1aedaae9ea0689d723,0xdf0ae5504a48ab9f913f8490fbef1b9333a68e68,76600,93000000000,52703322258053352778
185,10854393,1600009951,0x36f3fd68e7325a35eb768f1aedaae9ea0689d723,0xdf0ae5504a48ab9f913f8490fbef1b9333a68e68,76588,135000000000,11470919008551577870
187,10854610,1600012826,0x36f3fd68e7325a35eb768f1aedaae9ea0689d723,0x0000000000000000000000000000000000000000,283788,300000000000,1504826311775626940037
189,10854620,1600012904,0x36f3fd68e7325a35eb768f1aedaae9ea0689d723,0xdf0ae5504a48ab9f913f8490fbef1b9333a68e68,76600,135000000000,49304803141697302022
191,10856781,1600041611,0x36f3fd68e7325a35eb768f1aedaae9ea0689d723,0x0000000000000000000000000000000000000000,283788,6000000000001,1655808942953189634041
192,10858916,1600070341,0x36f3fd68e7325a35eb768f1aedaae9ea0689d723,0xdf0ae5504a48ab9f913f8490fbef1b9333a68e68,208793,191000000000,398447422326713000000
194,10858923,1600070461,0x36f3fd68e7325a35eb768f1aedaae9ea0689d723,0x0000000000000000000000000000000000000000,283788,2800000000000,1821889837248508597445
196,10860227,1600087996,0x36f3fd68e7325a35eb768f1aedaae9ea0689d723,0xdf0ae5504a48ab9f913f8490fbef1b9333a68e68,61600,252000000000,36778666468480731233
197,10860353,1600089574,0x36f3fd68e7325a35eb768f1aedaae9ea0689d723,0xdf0ae5504a48ab9f913f8490fbef1b9333a68e68,76612,260000000000,5123234710372069441865
199,10861097,1600099417,0x36f3fd68e7325a35eb768f1aedaae9ea0689d723,0x0000000000000000000000000000000000000000,283788,352000000000,2004578820973359457190
200,10861143,1600099901,0x36f3fd68e7325a35eb768f1aedaae9ea0689d723,0xdf0ae5504a48ab9f913f8490fbef1b9333a68e68,76600,319000000000,1297594846742315353252
201,10861461,1600104260,0x36f3fd68e7325a35eb768f1aedaae9ea0689d723,0xdf0ae5504a48ab9f913f8490fbef1b9333a68e68,76600,256000000000,133900329642090528921
203,10861492,1600104682,0x36f3fd68e7325a35eb768f1aedaae9ea0689d723,0xdf0ae5504a48ab9f913f8490fbef1b9333a68e68,208781,237000000000,508949342799524000000
205,10861502,1600104820,0x36f3fd68e7325a35eb768f1aedaae9ea0689d723,0xdf0ae5504a48ab9f913f8490fbef1b9333a68e68,208769,235000000000,213000000000000000000
207,10863239,1600128090,0x36f3fd68e7325a35eb768f1aedaae9ea0689d723,0x0000000000000000000000000000000000000000,283788,800000000000,2205536703070695402909
208,10864634,1600146604,0x36f3fd68e7325a35eb768f1aedaae9ea0689d723,0xdf0ae5504a48ab9f913f8490fbef1b9333a68e68,208769,145000000000,19460000000000000000
210,10865387,1600156691,0x36f3fd68e7325a35eb768f1aedaae9ea0689d723,0xdf0ae5504a48ab9f913f8490fbef1b9333a68e68,208769,198000000000,154000000000000000000
212,10865400,1600156861,0x36f3fd68e7325a35eb768f1aedaae9ea0689d723,0x0000000000000000000000000000000000000000,283788,1500000000000,2426590373377764943199
214,10867605,1600185606,0x36f3fd68e7325a35eb768f1aedaae9ea0689d723,0x0000000000000000000000000000000000000000,191942,3001000000000,2669749410715541437519
215,10867714,1600187123,0x36f3fd68e7325a35eb768f1aedaae9ea0689d723,0xdf0ae5504a48ab9f913f8490fbef1b9333a68e68,76600,281000000000,225032206607682921328
217,10867867,1600189038,0x36f3fd68e7325a35eb768f1aedaae9ea0689d723,0xdf0ae5504a48ab9f913f8490fbef1b9333a68e68,208793,99999997952,56125788432482952814
220,10867927,1600189901,0x36f3fd68e7325a35eb768f1aedaae9ea0689d723,0xdf0ae5504a48ab9f913f8490fbef1b9333a68e68,208769,120900001459,31110000000000000000
222,10868328,1600195092,0x36f3fd68e7325a35eb768f1aedaae9ea0689d723,0xdf0ae5504a48ab9f913f8490fbef1b9333a68e68,208793,97000000000,727212552817926322169
224,10868519,1600197769,0x36f3fd68e7325a35eb768f1aedaae9ea0689d723,0xdf0ae5504a48ab9f913f8490fbef1b9333a68e68,208793,104000000000,483376890959655745250
227,10869789,1600214419,0x36f3fd68e7325a35eb768f1aedaae9ea0689d723,0x0000000000000000000000000000000000000000,192086,3001000000000,2937224351787095581271
229,10870443,1600223015,0x36f3fd68e7325a35eb768f1aedaae9ea0689d723,0xdf0ae5504a48ab9f913f8490fbef1b9333a68e68,208793,143183313848,23777280149588256378
231,10871785,1600241196,0x36f3fd68e7325a35eb768f1aedaae9ea0689d723,0xdf0ae5504a48ab9f913f8490fbef1b9333a68e68,208769,178000000000,291000000000000000000
233,10871932,1600243215,0x36f3fd68e7325a35eb768f1aedaae9ea0689d723,0x0000000000000000000000000000000000000000,191964,3001000000000,3231446786965805139399
235,10873488,1600263703,0x36f3fd68e7325a35eb768f1aedaae9ea0689d723,0xdf0ae5504a48ab9f913f8490fbef1b9333a68e68,61600,140000000000,26690678262548439333
236,10873670,1600266086,0x36f3fd68e7325a35eb768f1aedaae9ea0689d723,0xdf0ae5504a48ab9f913f8490fbef1b9333a68e68,208793,149000000000,30077331562113287764
238,10873878,1600269313,0x36f3fd68e7325a35eb768f1aedaae9ea0689d723,0xdf0ae5504a48ab9f913f8490fbef1b9333a68e68,208793,165000001561,941718459311180353723
240,10873972,1600270791,0x36f3fd68e7325a35eb768f1aedaae9ea0689d723,0xdf0ae5504a48ab9f913f8490fbef1b9333a68e68,208769,169000000000,33170000000000000000
242,10874088,1600272000,0x36f3fd68e7325a35eb768f1aedaae9ea0689d723,0x0000000000000000000000000000000000000000,191998,1650000000000,3555091465662385653338
244,10874149,1600272771,0x36f3fd68e7325a35eb768f1aedaae9ea0689d723,0xdf0ae5504a48ab9f913f8490fbef1b9333a68e68,76600,171000000000,344038985053924982997
246,10874231,1600273834,0x36f3fd68e7325a35eb768f1aedaae9ea0689d723,0xdf0ae5504a48ab9f913f8490fbef1b9333a68e68,208793,171000000000,253778566878115880668
248,10875140,1600286119,0x36f3fd68e7325a35eb768f1aedaae9ea0689d723,0xdf0ae5504a48ab9f913f8490fbef1b9333a68e68,208793,80000000000,66604026392985369647
251,10876243,1600300802,0x36f3fd68e7325a35eb768f1aedaae9ea0689d723,0x0000000000000000000000000000000000000000,192074,1650000000000,3911100612228624218672
252,10876263,1600301062,0x36f3fd68e7325a35eb768f1aedaae9ea0689d723,0xdf0ae5504a48ab9f913f8490fbef1b9333a68e68,76612,85000000000,12597592786656439329935
254,10877385,1600315580,0x36f3fd68e7325a35eb768f1aedaae9ea0689d723,0xdf0ae5504a48ab9f913f8490fbef1b9333a68e68,76600,600000000000,256601399703558981145
255,10878446,1600329606,0x36f3fd68e7325a35eb768f1aedaae9ea0689d723,0x0000000000000000000000000000000000000000,192575,3200000000000,4302710673451486640540
257,10880075,1600350768,0x36f3fd68e7325a35eb768f1aedaae9ea0689d723,0xdf0ae5504a48ab9f913f8490fbef1b9333a68e68,208769,550000000000,127500000000000000000
259,10880539,1600356843,0x36f3fd68e7325a35eb768f1aedaae9ea0689d723,0xdf0ae5504a48ab9f913f8490fbef1b9333a68e68,208793,450000000000,1159727308456810673522
261,10880667,1600358425,0x36f3fd68e7325a35eb768f1aedaae9ea0689d723,0x0000000000000000000000000000000000000000,191898,3501000000000,4733481740796635304594
263,10880713,1600358961,0x36f3fd68e7325a35eb768f1aedaae9ea0689d723,0xdf0ae5504a48ab9f913f8490fbef1b9333a68e68,208793,491000000000,368094403442419538534
265,10881387,1600367644,0x36f3fd68e7325a35eb768f1aedaae9ea0689d723,0xdf0ae5504a48ab9f913f8490fbef1b9333a68e68,208793,550000000000,525196212789131532006
267,10882834,1600387214,0x36f3fd68e7325a35eb768f1aedaae9ea0689d723,0x0000000000000000000000000000000000000000,180061,3282000000000,5207329914876298835053
269,10883353,1600393909,0x36f3fd68e7325a35eb768f1aedaae9ea0689d723,0xdf0ae5504a48ab9f913f8490fbef1b9333a68e68,208793,193000000000,263793821952720511479
271,10883894,1600401591,0x36f3fd68e7325a35eb768f1aedaae9ea0689d723,0xdf0ae5504a48ab9f913f8490fbef1b9333a68e68,76600,300000000000,399477669479511227329
272,10884360,1600408084,0x36f3fd68e7325a35eb768f1aedaae9ea0689d723,0xdf0ae5504a48ab9f913f8490fbef1b9333a68e68,76600,307000000000,178344523609284598933
273,10884801,1600414180,0x36f3fd68e7325a35eb768f1aedaae9ea0689d723,0xdf0ae5504a48ab9f913f8490fbef1b9333a68e68,208793,420000000000,490467107294798837731
275,10884935,1600416004,0x36f3fd68e7325a35eb768f1aedaae9ea0689d723,0x0000000000000000000000000000000000000000,192008,2001000000000,5728562906363928718558
277,10885057,1600417794,0x36f3fd68e7325a35eb768f1aedaae9ea0689d723,0xdf0ae5504a48ab9f913f8490fbef1b9333a68e68,208793,463000000000,416186433803158488520
279,10885114,1600418614,0x36f3fd68e7325a35eb768f1aedaae9ea0689d723,0xdf0ae5504a48ab9f913f8490fbef1b9333a68e68,208793,406000000000,119992005489450232207
281,10885446,1600422817,0x36f3fd68e7325a35eb768f1aedaae9ea0689d723,0xdf0ae5504a48ab9f913f8490fbef1b9333a68e68,61600,210000000000,1310533885005366214564
282,10885826,1600427810,0x36f3fd68e7325a35eb768f1aedaae9ea0689d723,0xdf0ae5504a48ab9f913f8490fbef1b9333a68e68,208781,192000000000,77706130903019389291
284,10886599,1600438504,0x36f3fd68e7325a35eb768f1aedaae9ea0689d723,0xdf0ae5504a48ab9f913f8490fbef1b9333a68e68,208793,240000000000,194435304566299910431
286,10887101,1600444822,0x36f3fd68e7325a35eb768f1aedaae9ea0689d723,0x0000000000000000000000000000000000000000,192020,1451000000000,6301919197000321590414
287,10887107,1600444933,0x36f3fd68e7325a35eb768f1aedaae9ea0689d723,0xdf0ae5504a48ab9f913f8490fbef1b9333a68e68,76612,341000000000,6448747148328765671330
289,10887284,1600447340,0x36f3fd68e7325a35eb768f1aedaae9ea0689d723,0xdf0ae5504a48ab9f913f8490fbef1b9333a68e68,208793,400000000000,2020408631156230436506
292,10888050,1600457086,0x36f3fd68e7325a35eb768f1aedaae9ea0689d723,0xdf0ae5504a48ab9f913f8490fbef1b9333a68e68,208793,252000000000,313772928889299299235
296,10889227,1600472990,0x36f3fd68e7325a35eb768f1aedaae9ea0689d723,0xdf0ae5504a48ab9f913f8490fbef1b9333a68e68,208805,185000000000,13896287195507382882563
298,10889268,1600473607,0x36f3fd68e7325a35eb768f1aedaae9ea0689d723,0x0000000000000000000000000000000000000000,192030,2027000000000,6932611116700353749456
299,10889791,1600480357,0x36f3fd68e7325a35eb768f1aedaae9ea0689d723,0xdf0ae5504a48ab9f913f8490fbef1b9333a68e68,208781,135000001459,231617814673939824842
301,10890925,1600495546,0x36f3fd68e7325a35eb768f1aedaae9ea0689d723,0xdf0ae5504a48ab9f913f8490fbef1b9333a68e68,76600,142000000000,81394907474968137181
302,10890992,1600496328,0x36f3fd68e7325a35eb768f1aedaae9ea0689d723,0xdf0ae5504a48ab9f913f8490fbef1b9333a68e68,208793,121000000000,40659969464503999964
304,10891151,1600498486,0x36f3fd68e7325a35eb768f1aedaae9ea0689d723,0xdf0ae5504a48ab9f913f8490fbef1b9333a68e68,208793,101000000000,298470099602931405412
306,10891412,1600502235,0x36f3fd68e7325a35eb768f1aedaae9ea0689d723,0xdf0ae5504a48ab9f913f8490fbef1b9333a68e68,208793,141900000000,1035229020998909794374
308,10891433,1600502403,0x36f3fd68e7325a35eb768f1aedaae9ea0689d723,0x0000000000000000000000000000000000000000,192042,1001000000000,7626372228370389124401
309,10891443,1600502577,0x36f3fd68e7325a35eb768f1aedaae9ea0689d723,0xdf0ae5504a48ab9f913f8490fbef1b9333a68e68,76600,129000000000,417960289336968536067
311,10891715,1600505998,0x36f3fd68e7325a35eb768f1aedaae9ea0689d723,0xdf0ae5504a48ab9f913f8490fbef1b9333a68e68,208781,111000001459,49794213107842494340
313,10892037,1600510301,0x36f3fd68e7325a35eb768f1aedaae9ea0689d723,0xdf0ae5504a48ab9f913f8490fbef1b9333a68e68,61600,112000000000,83271088605827200174
314,10892850,1600520825,0x36f3fd68e7325a35eb768f1aedaae9ea0689d723,0xdf0ae5504a48ab9f913f8490fbef1b9333a68e68,76600,120000000000,429395904410883854264
315,10893626,1600531224,0x36f3fd68e7325a35eb768f1aedaae9ea0689d723,0x0000000000000000000000000000000000000000,192096,1001000000000,8389509451207428036842
317,10895477,1600555577,0x36f3fd68e7325a35eb768f1aedaae9ea0689d723,0xdf0ae5504a48ab9f913f8490fbef1b9333a68e68,208793,94000000000,63819803561933150898
319,10895794,1600560004,0x36f3fd68e7325a35eb768f1aedaae9ea0689d723,0x0000000000000000000000000000000000000000,192064,1774000000000,9228960396328170840526
320,10895864,1600561073,0x36f3fd68e7325a35eb768f1aedaae9ea0689d723,0xdf0ae5504a48ab9f913f8490fbef1b9333a68e68,208793,105000000000,1286486133467221702840
322,10897984,1600588831,0x36f3fd68e7325a35eb768f1aedaae9ea0689d723,0x0000000000000000000000000000000000000000,192052,501000000000,10152356435960987924579
324,10898100,1600590438,0x36f3fd68e7325a35eb768f1aedaae9ea0689d723,0xdf0ae5504a48ab9f913f8490fbef1b9333a68e68,208793,93000000000,524037778941349841462
327,10899571,1600609572,0x36f3fd68e7325a35eb768f1aedaae9ea0689d723,0xdf0ae5504a48ab9f913f8490fbef1b9333a68e68,208769,190000000000,139000000000000000000
329,10900182,1600617606,0x36f3fd68e7325a35eb768f1aedaae9ea0689d723,0x0000000000000000000000000000000000000000,192064,501000000000,11168092079557086717036
330,10900196,1600617730,0x36f3fd68e7325a35eb768f1aedaae9ea0689d723,0xdf0ae5504a48ab9f913f8490fbef1b9333a68e68,76600,170000000000,169794227696718590805
331,10900370,1600619920,0x36f3fd68e7325a35eb768f1aedaae9ea0689d723,0xdf0ae5504a48ab9f913f8490fbef1b9333a68e68,76600,170000000000,349705511874050358982
334,10900797,1600625599,0x36f3fd68e7325a35eb768f1aedaae9ea0689d723,0xdf0ae5504a48ab9f913f8490fbef1b9333a68e68,208793,81000000000,348527067787697854536
336,10900938,1600627219,0x36f3fd68e7325a35eb768f1aedaae9ea0689d723,0xdf0ae5504a48ab9f913f8490fbef1b9333a68e68,76600,89000000000,336583308531475633779
337,10901079,1600629195,0x36f3fd68e7325a35eb768f1aedaae9ea0689d723,0xdf0ae5504a48ab9f913f8490fbef1b9333a68e68,76612,89000000000,22972544189852628085672
338,10902388,1600646431,0x36f3fd68e7325a35eb768f1aedaae9ea0689d723,0x0000000000000000000000000000000000000000,192030,1001000000000,12285401287512795388740
339,10902393,1600646474,0x36f3fd68e7325a35eb768f1aedaae9ea0689d723,0xdf0ae5504a48ab9f913f8490fbef1b9333a68e68,208793,98000000000,251404952649008006343
341,10902394,1600646512,0x36f3fd68e7325a35eb768f1aedaae9ea0689d723,0xdf0ae5504a48ab9f913f8490fbef1b9333a68e68,76588,98000000000,226204110369122746616
342,10902425,1600646911,0x36f3fd68e7325a35eb768f1aedaae9ea0689d723,0xdf0ae5504a48ab9f913f8490fbef1b9333a68e68,61588,95000000000,2221777626494379526715
344,10902842,1600652228,0x36f3fd68e7325a35eb768f1aedaae9ea0689d723,0xdf0ae5504a48ab9f913f8490fbef1b9333a68e68,76600,104000000000,242441619772836587396
345,10904368,1600673185,0x36f3fd68e7325a35eb768f1aedaae9ea0689d723,0xdf0ae5504a48ab9f913f8490fbef1b9333a68e68,208805,130000000000,5058647904264106674976
347,10904391,1600673460,0x36f3fd68e7325a35eb768f1aedaae9ea0689d723,0xdf0ae5504a48ab9f913f8490fbef1b9333a68e68,208793,120000000000,1457682927226690315516
349,10904519,1600675222,0x36f3fd68e7325a35eb768f1aedaae9ea0689d723,0x0000000000000000000000000000000000000000,191932,1201000000000,13514441416264074927614
351,10904527,1600675278,0x36f3fd68e7325a35eb768f1aedaae9ea0689d723,0xdf0ae5504a48ab9f913f8490fbef1b9333a68e68,76612,129000000000,12306018734112600725946
352,10904536,1600675369,0x36f3fd68e7325a35eb768f1aedaae9ea0689d723,0xdf0ae5504a48ab9f913f8490fbef1b9333a68e68,61600,129000000000,59416800021159805912
356,10904617,1600676343,0x36f3fd68e7325a35eb768f1aedaae9ea0689d723,0xdf0ae5504a48ab9f913f8490fbef1b9333a68e68,208793,129000000000,625965875651643501770
358,10906739,1600704002,0x36f3fd68e7325a35eb768f1aedaae9ea0689d723,0x0000000000000000000000000000000000000000,192008,645000000000,14866385557890482420376
359,10906821,1600705005,0x36f3fd68e7325a35eb768f1aedaae9ea0689d723,0xdf0ae5504a48ab9f913f8490fbef1b9333a68e68,76600,259000000000,252401485241111721954
360,10907180,1600709387,0x36f3fd68e7325a35eb768f1aedaae9ea0689d723,0xdf0ae5504a48ab9f913f8490fbef1b9333a68e68,208793,88000000000,2473870585129032192931
362,10907934,1600719065,0x36f3fd68e7325a35eb768f1aedaae9ea0689d723,0xdf0ae5504a48ab9f913f8490fbef1b9333a68e68,208793,94000000000,271833438252068778046
364,10908831,1600731084,0x36f3fd68e7325a35eb768f1aedaae9ea0689d723,0xdf0ae5504a48ab9f913f8490fbef1b9333a68e68,208793,90000000000,1286498780036403592689
366,10908954,1600732864,0x36f3fd68e7325a35eb768f1aedaae9ea0689d723,0x0000000000000000000000000000000000000000,191932,645000000000,16353524113679530662413
367,10908992,1600733380,0x36f3fd68e7325a35eb768f1aedaae9ea0689d723,0xdf0ae5504a48ab9f913f8490fbef1b9333a68e68,61600,87000000000,515906658126009371244
369,10910963,1600759354,0x36f3fd68e7325a35eb768f1aedaae9ea0689d723,0xdf0ae5504a48ab9f913f8490fbef1b9333a68e68,208793,95000000000,1654380024478818345324
371,10911005,1600759933,0x36f3fd68e7325a35eb768f1aedaae9ea0689d723,0xdf0ae5504a48ab9f913f8490fbef1b9333a68e68,208769,100000000000,196000000000000000000
373,10911138,1600761610,0x36f3fd68e7325a35eb768f1aedaae9ea0689d723,0x0000000000000000000000000000000000000000,192052,551000000000,17989376525047483728655
376,10911262,1600763438,0x36f3fd68e7325a35eb768f1aedaae9ea0689d723,0xdf0ae5504a48ab9f913f8490fbef1b9333a68e68,208793,155000000000,557480776792876305712
379,10913239,1600790402,0x36f3fd68e7325a35eb768f1aedaae9ea0689d723,0x0000000000000000000000000000000000000000,219276,551000000000,1000000000000000000
385,10913255,1600790583,0x36f3fd68e7325a35eb768f1aedaae9ea0689d723,0xdf0ae5504a48ab9f913f8490fbef1b9333a68e68,61612,282000000000,10392210571419674695331
387,10913256,1600790596,0x36f3fd68e7325a35eb768f1aedaae9ea0689d723,0xdf0ae5504a48ab9f913f8490fbef1b9333a68e68,76600,301000000000,690536973407064794578
389,10913263,1600790676,0x36f3fd68e7325a35eb768f1aedaae9ea0689d723,0xdf0ae5504a48ab9f913f8490fbef1b9333a68e68,76612,267000000000,13344997644039846450095
390,10913268,1600790798,0x36f3fd68e7325a35eb768f1aedaae9ea0689d723,0xdf0ae5504a48ab9f913f8490fbef1b9333a68e68,76612,279000000000,39076978755886838973951
392,10913271,1600790808,0x36f3fd68e7325a35eb768f1aedaae9ea0689d723,0xdf0ae5504a48ab9f913f8490fbef1b9333a68e68,76600,249999984741,1828800542943007331018
394,10913342,1600791533,0x36f3fd68e7325a35eb768f1aedaae9ea0689d723,0xdf0ae5504a48ab9f913f8490fbef1b9333a68e68,76600,275000000000,391886825870199922006
396,10913877,1600799266,0x36f3fd68e7325a35eb768f1aedaae9ea0689d723,0xdf0ae5504a48ab9f913f8490fbef1b9333a68e68,76600,118000000000,328049915416979051647
398,10914588,1600808624,0x36f3fd68e7325a35eb768f1aedaae9ea0689d723,0xdf0ae5504a48ab9f913f8490fbef1b9333a68e68,61600,119000000000,2124068160926870811440
399,10915393,1600819201,0x36f3fd68e7325a35eb768f1aedaae9ea0689d723,0x0000000000000000000000000000000000000000,219308,551000000000,1000000000000000000
403,10917483,1600845832,0x36f3fd68e7325a35eb768f1aedaae9ea0689d723,0xdf0ae5504a48ab9f913f8490fbef1b9333a68e68,208793,88000000000,1166126812767794600391
405,10917649,1600848001,0x36f3fd68e7325a35eb768f1aedaae9ea0689d723,0x0000000000000000000000000000000000000000,506617,801000000000,1000000000000000000
406,10919815,1600876804,0x36f3fd68e7325a35eb768f1aedaae9ea0689d723,0x0000000000000000000000000000000000000000,204902,801000000000,1000000000000000000
408,10919865,1600877367,0x36f3fd68e7325a35eb768f1aedaae9ea0689d723,0xdf0ae5504a48ab9f913f8490fbef1b9333a68e68,61588,168000000000,632573926831342443
410,10921756,1600903569,0x36f3fd68e7325a35eb768f1aedaae9ea0689d723,0xdf0ae5504a48ab9f913f8490fbef1b9333a68e68,76588,66000000000,351504575962030999
411,10921920,1600905603,0x36f3fd68e7325a35eb768f1aedaae9ea0689d723,0x0000000000000000000000000000000000000000,213694,501000000000,1000000000000000000
414,10928434,1600992006,0x36f3fd68e7325a35eb768f1aedaae9ea0689d723,0x0000000000000000000000000000000000000000,344843,751000000000,1000000000000000000
416,10930706,1601021900,0x36f3fd68e7325a35eb768f1aedaae9ea0689d723,0xdf0ae5504a48ab9f913f8490fbef1b9333a68e68,76588,95000000000,970369640039366352
417,10934892,1601078527,0x36f3fd68e7325a35eb768f1aedaae9ea0689d723,0x0000000000000000000000000000000000000000,363589,100000000000,1000000000000000000
419,10941313,1601164847,0x36f3fd68e7325a35eb768f1aedaae9ea0689d723,0x0000000000000000000000000000000000000000,326755,501000000000,1000000000000000000
420,10947679,1601251200,0x36f3fd68e7325a35eb768f1aedaae9ea0689d723,0x0000000000000000000000000000000000000000,205357,301000000000,1000000000000000000
421,10954083,1601337666,0x36f3fd68e7325a35eb768f1aedaae9ea0689d723,0x0000000000000000000000000000000000000000,205433,301000000000,1000000000000000000
422,10960470,1601424024,0x36f3fd68e7325a35eb768f1aedaae9ea0689d723,0x0000000000000000000000000000000000000000,208251,301000000000,1000000000000000000
423,10966874,1601510410,0x36f3fd68e7325a35eb768f1aedaae9ea0689d723,0x0000000000000000000000000000000000000000,205257,301000000000,1000000000000000000
424,10973299,1601596808,0x36f3fd68e7325a35eb768f1aedaae9ea0689d723,0x0000000000000000000000000000000000000000,208119,301000000000,1000000000000000000
425,10979660,1601683204,0x36f3fd68e7325a35eb768f1aedaae9ea0689d723,0x0000000000000000000000000000000000000000,208107,301000000000,1000000000000000000
426,10986035,1601769603,0x36f3fd68e7325a35eb768f1aedaae9ea0689d723,0x0000000000000000000000000000000000000000,208321,301000000000,1000000000000000000
428,10986217,1601772150,0x36f3fd68e7325a35eb768f1aedaae9ea0689d723,0xdf0ae5504a48ab9f913f8490fbef1b9333a68e68,61612,67000000000,5891121671857103054157
429,10992408,1601856002,0x36f3fd68e7325a35eb768f1aedaae9ea0689d723,0x0000000000000000000000000000000000000000,208283,301000000000,1000000000000000000
430,10998854,1601942411,0x36f3fd68e7325a35eb768f1aedaae9ea0689d723,0x0000000000000000000000000000000000000000,205383,301000000000,1000000000000000000
431,11005326,1602028803,0x36f3fd68e7325a35eb768f1aedaae9ea0689d723,0x0000000000000000000000000000000000000000,228395,251000000000,1000000000000000000
432,11011668,1602115264,0x36f3fd68e7325a35eb768f1aedaae9ea0689d723,0x0000000000000000000000000000000000000000,337423,90000000000,1000000000000000000
433,11017965,1602201608,0x36f3fd68e7325a35eb768f1aedaae9ea0689d723,0x0000000000000000000000000000000000000000,220838,251000000000,1000000000000000000
434,11020045,1602230410,0x36f3fd68e7325a35eb768f1aedaae9ea0689d723,0x0000000000000000000000000000000000000000,334966,75900000000,1000000000000000000
435,11022207,1602259235,0x36f3fd68e7325a35eb768f1aedaae9ea0689d723,0x0000000000000000000000000000000000000000,334966,275000000000,1000000000000000000
436,11024342,1602288038,0x36f3fd68e7325a35eb768f1aedaae9ea0689d723,0x0000000000000000000000000000000000000000,349940,1450000000000,1000000000000000000
437,11026524,1602316813,0x36f3fd68e7325a35eb768f1aedaae9ea0689d723,0x0000000000000000000000000000000000000000,535490,3169696969696,1000000000000000000
438,11028630,1602345610,0x36f3fd68e7325a35eb768f1aedaae9ea0689d723,0x0000000000000000000000000000000000000000,545829,6269696969696,1000000000000000000
440,11030851,1602374421,0x36f3fd68e7325a35eb768f1aedaae9ea0689d723,0x0000000000000000000000000000000000000000,530819,6769696969696,1000000000000000000
441,11031099,1602377657,0x36f3fd68e7325a35eb768f1aedaae9ea0689d723,0xdf0ae5504a48ab9f913f8490fbef1b9333a68e68,61622,32000000000,411047432828228798409
442,11032980,1602403225,0x36f3fd68e7325a35eb768f1aedaae9ea0689d723,0x0000000000000000000000000000000000000000,545829,1696969696969,1000000000000000000
443,11035157,1602432015,0x36f3fd68e7325a35eb768f1aedaae9ea0689d723,0x0000000000000000000000000000000000000000,233976,501000000000,1000000000000000000
444,11037420,1602460850,0x36f3fd68e7325a35eb768f1aedaae9ea0689d723,0x0000000000000000000000000000000000000000,360792,38400000000,1000000000000000000
445,11039560,1602489613,0x36f3fd68e7325a35eb768f1aedaae9ea0689d723,0x0000000000000000000000000000000000000000,444033,3888000000000,1000000000000000000
446,11041718,1602518431,0x36f3fd68e7325a35eb768f1aedaae9ea0689d723,0x0000000000000000000000000000000000000000,233955,201000000000,1000000000000000000
447,11043877,1602547209,0x36f3fd68e7325a35eb768f1aedaae9ea0689d723,0x0000000000000000000000000000000000000000,439833,888000000000,1000000000000000000
449,11046088,1602576021,0x36f3fd68e7325a35eb768f1aedaae9ea0689d723,0x0000000000000000000000000000000000000000,236633,201000000000,1000000000000000000
450,11048243,1602604806,0x36f3fd68e7325a35eb768f1aedaae9ea0689d723,0x0000000000000000000000000000000000000000,236753,201000000000,1000000000000000000
451,11050451,1602633612,0x36f3fd68e7325a35eb768f1aedaae9ea0689d723,0x0000000000000000000000000000000000000000,232495,201000000000,1000000000000000000
453,11052607,1602662400,0x36f3fd68e7325a35eb768f1aedaae9ea0689d723,0x0000000000000000000000000000000000000000,236797,201000000000,1000000000000000000
454,11054761,1602691236,0x36f3fd68e7325a35eb768f1aedaae9ea0689d723,0x0000000000000000000000000000000000000000,204012,201000000000,1000000000000000000
455,11056990,1602720005,0x36f3fd68e7325a35eb768f1aedaae9ea0689d723,0x0000000000000000000000000000000000000000,204000,201000000000,1000000000000000000
456,11059154,1602748805,0x36f3fd68e7325a35eb768f1aedaae9ea0689d723,0x0000000000000000000000000000000000000000,204012,201000000000,1000000000000000000
457,11061338,1602777607,0x36f3fd68e7325a35eb768f1aedaae9ea0689d723,0x0000000000000000000000000000000000000000,233855,201000000000,1000000000000000000
458,11063555,1602806401,0x36f3fd68e7325a35eb768f1aedaae9ea0689d723,0x0000000000000000000000000000000000000000,236611,201000000000,1000000000000000000
459,11065713,1602835216,0x36f3fd68e7325a35eb768f1aedaae9ea0689d723,0x0000000000000000000000000000000000000000,213027,201000000000,1000000000000000000
460,11067886,1602864008,0x36f3fd68e7325a35eb768f1aedaae9ea0689d723,0x0000000000000000000000000000000000000000,198467,201000000000,1000000000000000000
461,11070050,1602892813,0x36f3fd68e7325a35eb768f1aedaae9ea0689d723,0x0000000000000000000000000000000000000000,311326,57400000000,1000000000000000000
462,11072240,1602921604,0x36f3fd68e7325a35eb768f1aedaae9ea0689d723,0x0000000000000000000000000000000000000000,243229,51800000000,1000000000000000000
463,11074414,1602950694,0x36f3fd68e7325a35eb768f1aedaae9ea0689d723,0x0000000000000000000000000000000000000000,322187,42000000000,1000000000000000000
464,11076577,1602979207,0x36f3fd68e7325a35eb768f1aedaae9ea0689d723,0x0000000000000000000000000000000000000000,213185,32199999999,1000000000000000000
466,11078702,1603008000,0x36f3fd68e7325a35eb768f1aedaae9ea0689d723,0x0000000000000000000000000000000000000000,213261,44660000000,1000000000000000000
467,11080843,1603036804,0x36f3fd68e7325a35eb768f1aedaae9ea0689d723,0x0000000000000000000000000000000000000000,213075,50610000000,1000000000000000000
468,11083027,1603065620,0x36f3fd68e7325a35eb768f1aedaae9ea0689d723,0x0000000000000000000000000000000000000000,228063,35560000000,1000000000000000000
469,11085240,1603094414,0x36f3fd68e7325a35eb768f1aedaae9ea0689d723,0x0000000000000000000000000000000000000000,228229,60199999999,1000000000000000000
470,11087423,1603123200,0x36f3fd68e7325a35eb768f1aedaae9ea0689d723,0x0000000000000000000000000000000000000000,248483,197648500000,1000000000000000000
471,11089621,1603152005,0x36f3fd68e7325a35eb768f1aedaae9ea0689d723,0x0000000000000000000000000000000000000000,225937,33291999999,1000000000000000000
473,11091778,1603180818,0x36f3fd68e7325a35eb768f1aedaae9ea0689d723,0x0000000000000000000000000000000000000000,226017,102200000000,1000000000000000000
474,11093977,1603209602,0x36f3fd68e7325a35eb768f1aedaae9ea0689d723,0x0000000000000000000000000000000000000000,225935,197400000000,1000000000000000000
475,11096126,1603238433,0x36f3fd68e7325a35eb768f1aedaae9ea0689d723,0x0000000000000000000000000000000000000000,225929,110320000000,1000000000000000000
477,11098297,1603267207,0x36f3fd68e7325a35eb768f1aedaae9ea0689d723,0x0000000000000000000000000000000000000000,226023,62859999999,1000000000000000000
478,11100478,1603296003,0x36f3fd68e7325a35eb768f1aedaae9ea0689d723,0x0000000000000000000000000000000000000000,219643,200844000000,1000000000000000000
480,11102639,1603324807,0x36f3fd68e7325a35eb768f1aedaae9ea0689d723,0x0000000000000000000000000000000000000000,343613,98000000000,1000000000000000000
481,11104792,1603353606,0x36f3fd68e7325a35eb768f1aedaae9ea0689d723,0x0000000000000000000000000000000000000000,226017,251000000000,1000000000000000000
482,11106948,1603382416,0x36f3fd68e7325a35eb768f1aedaae9ea0689d723,0x0000000000000000000000000000000000000000,225924,251000000000,1000000000000000000
484,11106963,1603382646,0x36f3fd68e7325a35eb768f1aedaae9ea0689d723,0xdf0ae5504a48ab9f913f8490fbef1b9333a68e68,61598,85000000000,20000000000000000000
485,11109177,1603411200,0x36f3fd68e7325a35eb768f1aedaae9ea0689d723,0x0000000000000000000000000000000000000000,342371,751000000000,1000000000000000000
486,11111326,1603440006,0x36f3fd68e7325a35eb768f1aedaae9ea0689d723,0x0000000000000000000000000000000000000000,225979,151000000000,1000000000000000000
487,11113503,1603468816,0x36f3fd68e7325a35eb768f1aedaae9ea0689d723,0x0000000000000000000000000000000000000000,225995,282800000000,1000000000000000000
488,11115651,1603497620,0x36f3fd68e7325a35eb768f1aedaae9ea0689d723,0x0000000000000000000000000000000000000000,225979,151000000000,1000000000000000000
489,11117848,1603526414,0x36f3fd68e7325a35eb768f1aedaae9ea0689d723,0x0000000000000000000000000000000000000000,225929,151000000000,1000000000000000000
490,11120021,1603555206,0x36f3fd68e7325a35eb768f1aedaae9ea0689d723,0x0000000000000000000000000000000000000000,219611,151000000000,1000000000000000000
491,11122233,1603584015,0x36f3fd68e7325a35eb768f1aedaae9ea0689d723,0x0000000000000000000000000000000000000000,225929,151000000000,1000000000000000000
492,11124397,1603612801,0x36f3fd68e7325a35eb768f1aedaae9ea0689d723,0x0000000000000000000000000000000000000000,219611,151000000000,1000000000000000000
493,11126516,1603641613,0x36f3fd68e7325a35eb768f1aedaae9ea0689d723,0x0000000000000000000000000000000000000000,219511,151000000000,1000000000000000000
494,11128713,1603670433,0x36f3fd68e7325a35eb768f1aedaae9ea0689d723,0x0000000000000000000000000000000000000000,225979,151000000000,1000000000000000000
495,11130833,1603699224,0x36f3fd68e7325a35eb768f1aedaae9ea0689d723,0x0000000000000000000000000000000000000000,225929,151000000000,1000000000000000000
496,11132981,1603728002,0x36f3fd68e7325a35eb768f1aedaae9ea0689d723,0x0000000000000000000000000000000000000000,343613,231165000000,1000000000000000000
497,11135178,1603756805,0x36f3fd68e7325a35eb768f1aedaae9ea0689d723,0x0000000000000000000000000000000000000000,225995,251000000000,1000000000000000000
498,11137379,1603785611,0x36f3fd68e7325a35eb768f1aedaae9ea0689d723,0x0000000000000000000000000000000000000000,225935,251000000000,1000000000000000000
499,11139584,1603814410,0x36f3fd68e7325a35eb768f1aedaae9ea0689d723,0x0000000000000000000000000000000000000000,225995,251000000000,1000000000000000000
501,11141723,1603843208,0x36f3fd68e7325a35eb768f1aedaae9ea0689d723,0x0000000000000000000000000000000000000000,226001,251000000000,1000000000000000000
503,11143915,1603872004,0x36f3fd68e7325a35eb768f1aedaae9ea0689d723,0x0000000000000000000000000000000000000000,343639,101643000000,1000000000000000000
504,11144387,1603878083,0x36f3fd68e7325a35eb768f1aedaae9ea0689d723,0xdf0ae5504a48ab9f913f8490fbef1b9333a68e68,76586,37400000000,16000000000000000000
506,11146101,1603900802,0x36f3fd68e7325a35eb768f1aedaae9ea0689d723,0x0000000000000000000000000000000000000000,209872,251000000000,1000000000000000000
507,11148274,1603929641,0x36f3fd68e7325a35eb768f1aedaae9ea0689d723,0x0000000000000000000000000000000000000000,213465,251000000000,1000000000000000000
508,11150448,1603958404,0x36f3fd68e7325a35eb768f1aedaae9ea0689d723,0x0000000000000000000000000000000000000000,198279,251000000000,1000000000000000000
509,11152616,1603987204,0x36f3fd68e7325a35eb768f1aedaae9ea0689d723,0x0000000000000000000000000000000000000000,198465,251000000000,1000000000000000000
511,11154800,1604016007,0x36f3fd68e7325a35eb768f1aedaae9ea0689d723,0x0000000000000000000000000000000000000000,198389,251000000000,1000000000000000000
512,11156972,1604044821,0x36f3fd68e7325a35eb768f1aedaae9ea0689d723,0x0000000000000000000000000000000000000000,198355,201000000000,1000000000000000000
513,11159092,1604073606,0x36f3fd68e7325a35eb768f1aedaae9ea0689d723,0x0000000000000000000000000000000000000000,205320,201000000000,1000000000000000000
514,11161291,1604102403,0x36f3fd68e7325a35eb768f1aedaae9ea0689d723,0x0000000000000000000000000000000000000000,198355,101000000000,1000000000000000000
515,11163424,1604131242,0x36f3fd68e7325a35eb768f1aedaae9ea0689d723,0x0000000000000000000000000000000000000000,198367,101000000000,1000000000000000000
516,11165640,1604160005,0x36f3fd68e7325a35eb768f1aedaae9ea0689d723,0x0000000000000000000000000000000000000000,198381,101000000000,1000000000000000000
517,11167817,1604188803,0x36f3fd68e7325a35eb768f1aedaae9ea0689d723,0x0000000000000000000000000000000000000000,198367,101000000000,1000000000000000000
519,11169931,1604217602,0x36f3fd68e7325a35eb768f1aedaae9ea0689d723,0x0000000000000000000000000000000000000000,198355,101000000000,1000000000000000000
520,11172140,1604246401,0x36f3fd68e7325a35eb768f1aedaae9ea0689d723,0x0000000000000000000000000000000000000000,198367,101000000000,1000000000000000000
521,11174328,1604275208,0x36f3fd68e7325a35eb768f1aedaae9ea0689d723,0x0000000000000000000000000000000000000000,198355,101000000000,1000000000000000000
522,11176432,1604304021,0x36f3fd68e7325a35eb768f1aedaae9ea0689d723,0x0000000000000000000000000000000000000000,198367,101000000000,1000000000000000000
523,11178613,1604332807,0x36f3fd68e7325a35eb768f1aedaae9ea0689d723,0x0000000000000000000000000000000000000000,198355,114000000000,1000000000000000000
524,11180802,1604361612,0x36f3fd68e7325a35eb768f1aedaae9ea0689d723,0x0000000000000000000000000000000000000000,202382,151000000000,1000000000000000000
525,11182986,1604390406,0x36f3fd68e7325a35eb768f1aedaae9ea0689d723,0x0000000000000000000000000000000000000000,204433,151000000000,1000000000000000000
526,11185128,1604419200,0x36f3fd68e7325a35eb768f1aedaae9ea0689d723,0x0000000000000000000000000000000000000000,289567,177000000000,1000000000000000000
527,11187320,1604448000,0x36f3fd68e7325a35eb768f1aedaae9ea0689d723,0x0000000000000000000000000000000000000000,389632,15001000000000,1000000000000000000
528,11189465,1604476829,0x36f3fd68e7325a35eb768f1aedaae9ea0689d723,0x0000000000000000000000000000000000000000,224109,501000000000,1000000000000000000
529,11191618,1604505603,0x36f3fd68e7325a35eb768f1aedaae9ea0689d723,0x0000000000000000000000000000000000000000,219476,151000000000,1000000000000000000
530,11193847,1604534417,0x36f3fd68e7325a35eb768f1aedaae9ea0689d723,0x0000000000000000000000000000000000000000,200540,151000000000,1000000000000000000
531,11195961,1604563225,0x36f3fd68e7325a35eb768f1aedaae9ea0689d723,0x0000000000000000000000000000000000000000,308998,175000000000,1000000000000000000
532,11198166,1604592003,0x36f3fd68e7325a35eb768f1aedaae9ea0689d723,0x0000000000000000000000000000000000000000,204462,201000000000,1000000000000000000
533,11200361,1604620816,0x36f3fd68e7325a35eb768f1aedaae9ea0689d723,0x0000000000000000000000000000000000000000,200502,201000000000,1000000000000000000
534,11202571,1604649604,0x36f3fd68e7325a35eb768f1aedaae9ea0689d723,0x0000000000000000000000000000000000000000,200514,201000000000,1000000000000000000
536,11204337,1604673010,0x36f3fd68e7325a35eb768f1aedaae9ea0689d723,0xdf0ae5504a48ab9f913f8490fbef1b9333a68e68,76598,67000000000,27000000000000000000
537,11204742,1604678405,0x36f3fd68e7325a35eb768f1aedaae9ea0689d723,0x0000000000000000000000000000000000000000,204450,201000000000,1000000000000000000
538,11206900,1604707203,0x36f3fd68e7325a35eb768f1aedaae9ea0689d723,0x0000000000000000000000000000000000000000,204462,201000000000,1000000000000000000
539,11209095,1604736039,0x36f3fd68e7325a35eb768f1aedaae9ea0689d723,0x0000000000000000000000000000000000000000,200502,201000000000,1000000000000000000
540,11211236,1604764825,0x36f3fd68e7325a35eb768f1aedaae9ea0689d723,0x0000000000000000000000000000000000000000,204488,201000000000,1000000000000000000
541,11213401,1604793612,0x36f3fd68e7325a35eb768f1aedaae9ea0689d723,0x0000000000000000000000000000000000000000,204450,201000000000,1000000000000000000
542,11215569,1604822418,0x36f3fd68e7325a35eb768f1aedaae9ea0689d723,0x0000000000000000000000000000000000000000,200540,201000000000,1000000000000000000
543,11217703,1604851200,0x36f3fd68e7325a35eb768f1aedaae9ea0689d723,0x0000000000000000000000000000000000000000,246642,252000000000,1000000000000000000
544,11219938,1604880008,0x36f3fd68e7325a35eb768f1aedaae9ea0689d723,0x0000000000000000000000000000000000000000,200540,217000000000,1000000000000000000
545,11222069,1604908804,0x36f3fd68e7325a35eb768f1aedaae9ea0689d723,0x0000000000000000000000000000000000000000,444202,600000000000,1000000000000000000
546,11224249,1604937600,0x36f3fd68e7325a35eb768f1aedaae9ea0689d723,0x0000000000000000000000000000000000000000,219488,225000000000,1000000000000000000
547,11226445,1604966403,0x36f3fd68e7325a35eb768f1aedaae9ea0689d723,0x0000000000000000000000000000000000000000,378371,21150000000001,1000000000000000000
548,11228635,1604995208,0x36f3fd68e7325a35eb768f1aedaae9ea0689d723,0x0000000000000000000000000000000000000000,770806,888000000000,1000000000000000000
549,11230722,1605024002,0x36f3fd68e7325a35eb768f1aedaae9ea0689d723,0x0000000000000000000000000000000000000000,415432,125130000000000,1000000000000000000
550,11232897,1605052815,0x36f3fd68e7325a35eb768f1aedaae9ea0689d723,0x0000000000000000000000000000000000000000,293026,2005000000000,1000000000000000000
551,11235102,1605081617,0x36f3fd68e7325a35eb768f1aedaae9ea0689d723,0x0000000000000000000000000000000000000000,719869,3227000000000,1000000000000000000
552,11237290,1605110419,0x36f3fd68e7325a35eb768f1aedaae9ea0689d723,0x0000000000000000000000000000000000000000,382947,16039688440148,1000000000000000000
553,11239425,1605139220,0x36f3fd68e7325a35eb768f1aedaae9ea0689d723,0x0000000000000000000000000000000000000000,467115,39762554484844,1000000000000000000
554,11241621,1605168028,0x36f3fd68e7325a35eb768f1aedaae9ea0689d723,0x0000000000000000000000000000000000000000,260635,4121000000000,1000000000000000000
555,11243729,1605196807,0x36f3fd68e7325a35eb768f1aedaae9ea0689d723,0x0000000000000000000000000000000000000000,219476,101000000000,1000000000000000000
556,11245938,1605225628,0x36f3fd68e7325a35eb768f1aedaae9ea0689d723,0x0000000000000000000000000000000000000000,204488,101000000000,1000000000000000000
557,11248159,1605254433,0x36f3fd68e7325a35eb768f1aedaae9ea0689d723,0x0000000000000000000000000000000000000000,204476,101000000000,1000000000000000000
558,11250295,1605283210,0x36f3fd68e7325a35eb768f1aedaae9ea0689d723,0x0000000000000000000000000000000000000000,381527,13017653416509,1000000000000000000
559,11252471,1605312019,0x36f3fd68e7325a35eb768f1aedaae9ea0689d723,0x0000000000000000000000000000000000000000,422124,116538000000000,1000000000000000000
560,11254616,1605340810,0x36f3fd68e7325a35eb768f1aedaae9ea0689d723,0x0000000000000000000000000000000000000000,498304,5716669921875,1000000000000000000
561,11256764,1605369634,0x36f3fd68e7325a35eb768f1aedaae9ea0689d723,0x0000000000000000000000000000000000000000,596714,115246618108728,1000000000000000000
562,11259013,1605398408,0x36f3fd68e7325a35eb768f1aedaae9ea0689d723,0x0000000000000000000000000000000000000000,623362,1039500000000,1000000000000000000
563,11261195,1605427213,0x36f3fd68e7325a35eb768f1aedaae9ea0689d723,0x0000000000000000000000000000000000000000,1111639,237601318359,1000000000000000000
