11302407,1605974152,1605974180.5205133,chainStack,True
11302407,1605974152,1605974181.3279529,infura,False
11302407,1605974152,1605974183.3284345,quickNode,False
11302407,1605974152,1605974184.2177052,alchemy,False
11302408,1605974178,1605974185.7484534,chainStack,True
11302408,1605974178,1605974188.256186,infura,False
11302408,1605974178,1605974189.0417368,quickNode,False
11302408,1605974178,1605974189.9902022,alchemy,False
11302409,1605974185,1605974194.0453167,chainStack,True
11302409,1605974185,1605974194.9695165,infura,False
11302409,1605974185,1605974197.2965472,alchemy,False
11302409,1605974185,1605974197.4467785,quickNode,False
11302410,1605974193,1605974202.2781897,chainStack,True
11302410,1605974193,1605974202.977227,infura,False
11302411,1605974201,1605974204.0013168,chainStack,True
11302411,1605974201,1605974204.2034981,infura,False
11302411,1605974201,1605974206.5389926,quickNode,True
11302412,1605974203,1605974206.5519948,infura,True
11302410,1605974193,1605974207.297535,alchemy,False
11302411,1605974201,1605974208.6688626,alchemy,False
