blockNumber,blockTimestamp,receivingTime,oppProcessingTime,wholeProcessingTime,opportunityFound,providerName,opportunity,,tmDiff,timeLeft
11251754,1605302432,1605302505,0.455790996551514,0.458852767944336,False,infura,EmptySet,,73,-2
11251755,1605302503,1605302511,2.16960906982422E-05,0.003413677215576,False,infura,EmptySet,,8,-2
11251756,1605302509,1605302515,2.36034393310547E-05,0.003180027008057,False,infura,EmptySet,,6,-2
11251757,1605302513,1605302526,2.55107879638672E-05,0.003355503082275,False,infura,EmptySet,,13,-1
11251758,1605302525,1605302532,0.000104188919067,0.008308887481689,False,infura,EmptySet,,7,-1
11251759,1605302531,1605302534,2.05039978027344E-05,0.002120494842529,False,infura,EmptySet,,3,-2
11251760,1605302532,1605302535,3.62396240234375E-05,0.002053022384644,False,infura,EmptySet,,3,-1
11251761,1605302534,1605302544,3.62396240234375E-05,0.002029657363892,False,infura,EmptySet,,10,-2
11251762,1605302542,1605302555,2.19345092773437E-05,0.003220081329346,False,infura,EmptySet,,13,-1
11251763,1605302554,1605302560,2.16960906982422E-05,0.003328561782837,False,infura,EmptySet,,6,-1
11251764,1605302559,1605302574,2.09808349609375E-05,0.003287315368652,False,infura,EmptySet,,15,-2
11251765,1605302572,1605302607,4.00543212890625E-05,0.003736257553101,False,infura,EmptySet,,35,-2
11251766,1605302605,1605302624,0.000107049942017,0.008410215377808,False,infura,EmptySet,,19,-1
11251767,1605302623,1605302663,2.12192535400391E-05,0.003307580947876,False,infura,EmptySet,,40,-3
11251768,1605302660,1605302668,2.07424163818359E-05,0.003200769424438,False,infura,EmptySet,,8,
11251773,1605302711,1605302723,0.190578937530518,0.198740005493164,False,alchemy,EmptySet,,12,-5
11251774,1605302718,1605302763,2.76565551757812E-05,0.003100633621216,False,alchemy,EmptySet,,45,-4
11251775,1605302759,1605302790,2.83718109130859E-05,0.004134654998779,False,alchemy,EmptySet,,31,-8
11251776,1605302782,1605302795,3.93390655517578E-05,0.003750801086426,False,alchemy,EmptySet,,13,-8
11251777,1605302787,1605302799,3.4332275390625E-05,0.003463268280029,False,alchemy,EmptySet,,12,-11
11251777,1605302788,1605302811,2.62260437011719E-05,0.001733779907227,False,alchemy,EmptySet,,23,-4
11251779,1605302807,1605302823,3.52859497070312E-05,0.002616167068481,False,alchemy,EmptySet,,16,-3
11251780,1605302820,1605302831,2.40802764892578E-05,0.003374814987183,False,alchemy,EmptySet,,11,-4
11251781,1605302827,1605302837,2.52723693847656E-05,0.003499031066895,False,alchemy,EmptySet,,10,-5
11251782,1605302832,1605302839,6.34193420410156E-05,0.004528999328613,False,alchemy,EmptySet,,7,-5
11251783,1605302834,1605302848,0.000125408172607,0.008377075195313,False,alchemy,EmptySet,,14,-11
11251784,1605302837,1605302858,0.000121831893921,0.008484125137329,False,alchemy,EmptySet,,21,-6
11251785,1605302852,1605302873,0.000123977661133,0.008389472961426,False,alchemy,EmptySet,,21,-6
11251786,1605302867,1605302894,0.000150918960571,0.009909629821777,False,alchemy,EmptySet,,27,-5
11251787,1605302889,1605302903,0.000119686126709,0.00873851776123,False,alchemy,EmptySet,,14,-6
11251788,1605302897,1605302907,0.000127792358398,0.010669469833374,False,alchemy,EmptySet,,10,-6
11251789,1605302901,1605302915,0.000121355056763,0.008377313613892,False,alchemy,EmptySet,,14,-5
11251790,1605302910,1605302957,3.93390655517578E-05,0.00347375869751,False,alchemy,EmptySet,,47,-5
11251791,1605302952,1605302988,2.47955322265625E-05,0.003232955932617,False,alchemy,EmptySet,,36,-4
11251792,1605302984,1605303004,3.95774841308594E-05,0.003632783889771,False,alchemy,EmptySet,,20,-5
11251793,1605302999,1605303046,3.00407409667969E-05,0.003005266189575,False,alchemy,EmptySet,,47,-5
11251794,1605303041,1605303055,2.47955322265625E-05,0.003432750701904,False,alchemy,EmptySet,,14,-5
11251795,1605303050,1605303063,2.47955322265625E-05,0.003366708755493,False,alchemy,EmptySet,,13,-7
11251796,1605303056,1605303077,0.000119924545288,0.008305311203003,False,alchemy,EmptySet,,21,-4
11251797,1605303073,1605303110,2.33650207519531E-05,0.003646373748779,False,alchemy,EmptySet,,37,-6
11251798,1605303104,1605303122,2.76565551757812E-05,0.003293037414551,False,alchemy,EmptySet,,18,-5
11251799,1605303117,1605303130,2.38418579101562E-05,0.003158330917358,False,alchemy,EmptySet,,13,-8
11251800,1605303122,1605303163,2.36034393310547E-05,0.003514766693115,False,alchemy,EmptySet,,41,
11252068,1605306784,1605306804,0.064335823059082,0.072636842727661,False,quickNode,EmptySet,,20,-4
11252069,1605306800,1605306821,6.74724578857422E-05,0.008216381072998,False,quickNode,EmptySet,,21,-4
11252070,1605306817,1605306827,1.52587890625E-05,0.00366473197937,False,quickNode,EmptySet,,10,-3
11252071,1605306824,1605306843,7.00950622558594E-05,0.008487701416016,False,quickNode,EmptySet,,19,-5
11252072,1605306838,1605306878,2.21729278564453E-05,0.003379583358765,False,quickNode,EmptySet,,40,-5
11252073,1605306873,1605306884,6.93798065185547E-05,0.008603811264038,False,quickNode,EmptySet,,11,-3
11252074,1605306881,1605306890,1.50203704833984E-05,0.003436803817749,False,quickNode,EmptySet,,9,-7
11252075,1605306883,1605306918,1.64508819580078E-05,0.003482818603516,False,quickNode,EmptySet,,35,-7
11252076,1605306911,1605306936,1.45435333251953E-05,0.003535985946655,False,quickNode,EmptySet,,25,-5
11252077,1605306931,1605306940,3.67164611816406E-05,0.002902746200562,False,quickNode,EmptySet,,9,-7
11252078,1605306933,1605306949,1.59740447998047E-05,0.003269672393799,False,quickNode,EmptySet,,16,-6
11252079,1605306943,1605306964,1.97887420654297E-05,0.002681255340576,False,quickNode,EmptySet,,21,-6
11252080,1605306958,1605306982,7.48634338378906E-05,0.00829291343689,False,quickNode,EmptySet,,24,-4
11252081,1605306978,1605306992,1.43051147460938E-05,0.003186941146851,False,quickNode,EmptySet,,14,-4
11252082,1605306988,1605306998,1.62124633789062E-05,0.001958131790161,False,quickNode,EmptySet,,10,-5
11252083,1605306993,1605307007,6.79492950439453E-05,0.008229732513428,False,quickNode,EmptySet,,14,-6
11252084,1605307001,1605307014,1.47819519042969E-05,0.002284526824951,False,quickNode,EmptySet,,13,-2
11252085,1605307012,1605307019,1.40666961669922E-05,0.003114223480225,False,quickNode,EmptySet,,7,-5
11252086,1605307014,1605307040,7.20024108886719E-05,0.008502721786499,False,quickNode,EmptySet,,26,-4
11252087,1605307036,1605307044,7.15255737304687E-05,0.008279323577881,False,quickNode,EmptySet,,8,-3
11252088,1605307041,1605307050,1.59740447998047E-05,0.003588438034058,False,quickNode,EmptySet,,9,-6
11252089,1605307044,1605307070,6.72340393066406E-05,0.00986647605896,False,quickNode,EmptySet,,26,-5
11252090,1605307065,1605307088,1.45435333251953E-05,0.0031418800354,False,quickNode,EmptySet,,23,-5
11252091,1605307083,1605307095,6.74724578857422E-05,0.008176326751709,False,quickNode,EmptySet,,12,-4
11252092,1605307091,1605307118,1.38282775878906E-05,0.003366708755493,False,quickNode,EmptySet,,27,-2
11252093,1605307116,1605307123,7.00950622558594E-05,0.008442163467407,False,quickNode,EmptySet,,7,-5
11252094,1605307118,1605307129,1.47819519042969E-05,0.003246068954468,False,quickNode,EmptySet,,11,-5
11252095,1605307124,1605307135,1.35898590087891E-05,0.003099918365479,False,quickNode,EmptySet,,11,-6
11252096,1605307129,1605307151,7.15255737304687E-05,0.008526563644409,False,quickNode,EmptySet,,22,-5
11252097,1605307146,1605307165,7.2479248046875E-05,0.008426427841187,False,quickNode,EmptySet,,19,-4
11252098,1605307161,1605307273,7.60555267333984E-05,0.010076761245728,False,quickNode,EmptySet,,112,9
11252100,1605307282,1605307291,0.064007520675659,0.071686029434204,False,quickNode,EmptySet,,9,-2
11252101,1605307289,1605307303,7.20024108886719E-05,0.009188890457153,False,quickNode,EmptySet,,14,-9
11252102,1605307294,1605307327,1.62124633789062E-05,0.003685712814331,False,quickNode,EmptySet,,33,
11252111,1605307445,1605307456,0.495250940322876,0.50489068031311,False,quickNode,EmptySet,,11,-8
11252112,1605307448,1605307460,7.89165496826172E-05,0.009629726409912,False,quickNode,EmptySet,,12,-3
11252113,1605307457,1605307472,1.62124633789062E-05,0.00206470489502,False,quickNode,EmptySet,,15,-2
11252114,1605307470,1605307476,7.46250152587891E-05,0.008417129516602,False,quickNode,EmptySet,,6,-5
11252115,1605307471,1605307477,8.22544097900391E-05,0.00839114189148,False,quickNode,EmptySet,,6,-2
11252116,1605307475,1605307481,3.0517578125E-05,0.003898620605469,False,quickNode,EmptySet,,6,-3
11252117,1605307478,1605307483,1.57356262207031E-05,0.003748178482056,False,quickNode,EmptySet,,5,-3
11252118,1605307480,1605307502,3.33786010742187E-05,0.003551483154297,False,quickNode,EmptySet,,22,-3
11252119,1605307499,1605307507,7.36713409423828E-05,0.008503675460815,False,quickNode,EmptySet,,8,-4
11252120,1605307503,1605307517,1.52587890625E-05,0.004221200942993,False,quickNode,EmptySet,,14,-3
11252121,1605307514,1605307522,7.74860382080078E-05,0.008630990982056,False,quickNode,EmptySet,,8,-6
11252122,1605307516,1605307532,8.29696655273438E-05,0.008322477340698,False,quickNode,EmptySet,,16,-4
11252123,1605307528,1605307543,1.74045562744141E-05,0.003399848937988,False,quickNode,EmptySet,,15,-6
11252124,1605307537,1605307570,1.88350677490234E-05,0.003494024276733,False,quickNode,EmptySet,,33,-6
11252125,1605307564,1605307571,1.54972076416016E-05,0.003515958786011,False,quickNode,EmptySet,,7,-1
11252126,1605307570,1605307571,5.41210174560547E-05,0.007591962814331,False,quickNode,EmptySet,,1,0
11252127,1605307571,1605307573,7.67707824707031E-05,0.008281469345093,False,quickNode,EmptySet,,2,-1
11252128,1605307572,1605307603,7.72476196289062E-05,0.008864164352417,False,quickNode,EmptySet,,31,-5
11252129,1605307598,1605307610,1.74045562744141E-05,0.003919124603271,False,quickNode,EmptySet,,12,-4
11252130,1605307606,1605307636,1.52587890625E-05,0.003229379653931,False,quickNode,EmptySet,,30,-1
11252131,1605307635,1605307645,1.78813934326172E-05,0.00332522392273,False,quickNode,EmptySet,,10,-5
11252132,1605307640,1605307685,3.69548797607422E-05,0.004574060440063,False,quickNode,EmptySet,,45,-6
11252133,1605307679,1605307689,7.65323638916016E-05,0.009963750839233,False,quickNode,EmptySet,,10,-4
11252134,1605307685,1605307713,4.60147857666016E-05,0.006186962127686,False,quickNode,EmptySet,,28,-4
11252135,1605307709,1605307724,5.43594360351563E-05,0.008056879043579,False,quickNode,EmptySet,,15,-4
11252136,1605307720,1605307728,5.60283660888672E-05,0.007204055786133,False,quickNode,EmptySet,,8,-5
11252137,1605307723,1605307729,8.41617584228516E-05,0.009348630905151,False,quickNode,EmptySet,,6,-3
11252138,1605307726,1605307736,7.72476196289062E-05,0.008419036865234,False,quickNode,EmptySet,,10,-9
11252139,1605307727,1605307742,3.17096710205078E-05,0.003561973571777,False,quickNode,EmptySet,,15,-8
11252140,1605307734,1605307742,5.03063201904297E-05,0.006141662597656,False,quickNode,EmptySet,,8,-7
11252141,1605307735,1605307743,8.0108642578125E-05,0.008352518081665,False,quickNode,EmptySet,,8,-5
11252142,1605307738,1605307748,7.46250152587891E-05,0.008443832397461,False,quickNode,EmptySet,,10,-9
11252143,1605307739,1605307757,5.76972961425781E-05,0.007193326950073,False,quickNode,EmptySet,,18,-4
11252144,1605307753,1605307796,8.22544097900391E-05,0.009840965270996,False,quickNode,EmptySet,,43,-4
11252145,1605307792,1605307804,7.51018524169922E-05,0.008851289749146,False,quickNode,EmptySet,,12,-6
11252146,1605307798,1605307810,8.63075256347656E-05,0.009113550186157,False,quickNode,EmptySet,,12,-5
11252147,1605307805,1605307827,1.76429748535156E-05,0.003652095794678,False,quickNode,EmptySet,,22,-3
11252148,1605307824,1605307843,1.47819519042969E-05,0.003149509429932,False,quickNode,EmptySet,,19,-4
11252149,1605307839,1605307854,3.31401824951172E-05,0.003456592559814,False,quickNode,EmptySet,,15,-3
11252150,1605307851,1605307862,9.41753387451172E-05,0.008312225341797,False,quickNode,EmptySet,,11,-4
11252151,1605307858,1605307878,3.29017639160156E-05,0.003348112106323,False,quickNode,EmptySet,,20,-3
11252152,1605307875,1605307897,8.67843627929688E-05,0.008259296417236,False,quickNode,EmptySet,,22,-2
11252153,1605307895,1605307931,8.41617584228516E-05,0.009236574172974,False,quickNode,EmptySet,,36,-1
11252154,1605307930,1605307951,0.000103950500488,0.009541988372803,False,quickNode,EmptySet,,21,-5
11252155,1605307946,1605307973,8.60691070556641E-05,0.00841212272644,False,quickNode,EmptySet,,27,-4
11252156,1605307969,1605307975,8.82148742675781E-05,0.008315801620483,False,quickNode,EmptySet,,6,-2
11252157,1605307973,1605307980,8.72611999511719E-05,0.008357524871826,False,quickNode,EmptySet,,7,-6
11252158,1605307974,1605308012,1.93119049072266E-05,0.003470182418823,False,quickNode,EmptySet,,38,-4
11252159,1605308008,1605308023,1.88350677490234E-05,0.002893447875977,False,quickNode,EmptySet,,15,-2
11252160,1605308021,1605308027,3.50475311279297E-05,0.003275156021118,False,quickNode,EmptySet,,6,-4
11252161,1605308023,1605308041,1.97887420654297E-05,0.003412485122681,False,quickNode,EmptySet,,18,-4
11252162,1605308037,1605308065,9.03606414794922E-05,0.008604049682617,False,quickNode,EmptySet,,28,-5
11252163,1605308060,1605308079,2.40802764892578E-05,0.005213499069214,False,quickNode,EmptySet,,19,-3
11252164,1605308076,1605308119,2.16960906982422E-05,0.00343132019043,False,quickNode,EmptySet,,43,-5
11252165,1605308114,1605308123,8.44001770019531E-05,0.008459806442261,False,quickNode,EmptySet,,9,-7
11252166,1605308116,1605308129,1.71661376953125E-05,0.003465414047241,False,quickNode,EmptySet,,13,-6
11252167,1605308123,1605308144,8.60691070556641E-05,0.007270574569702,False,quickNode,EmptySet,,21,-4
11252168,1605308140,1605308150,1.9073486328125E-05,0.003299236297607,False,quickNode,EmptySet,,10,-4
11252169,1605308146,1605308181,1.88350677490234E-05,0.003341674804688,False,quickNode,EmptySet,,35,-5
11252170,1605308176,1605308191,9.56058502197266E-05,0.00848650932312,False,quickNode,EmptySet,,15,-4
11252171,1605308187,1605308196,1.97887420654297E-05,0.003705739974976,False,quickNode,EmptySet,,9,-1
11252172,1605308195,1605308201,1.66893005371094E-05,0.0038001537323,False,quickNode,EmptySet,,6,-4
11252173,1605308197,1605308215,1.59740447998047E-05,0.003189325332642,False,quickNode,EmptySet,,18,-5
11252174,1605308210,1605308220,1.66893005371094E-05,0.003326892852783,False,quickNode,EmptySet,,10,-4
11252175,1605308216,1605308281,8.08238983154297E-05,0.00987720489502,False,quickNode,EmptySet,,65,-4
11252176,1605308277,1605308285,1.97887420654297E-05,0.002435922622681,False,quickNode,EmptySet,,8,-4
11252177,1605308281,1605308291,3.95774841308594E-05,0.005004405975342,False,quickNode,EmptySet,,10,-8
11252178,1605308283,1605308296,1.81198120117187E-05,0.003357410430908,False,quickNode,EmptySet,,13,-6
11252179,1605308290,1605308305,3.95774841308594E-05,0.004404067993164,False,quickNode,EmptySet,,15,-5
11252180,1605308300,1605308309,1.59740447998047E-05,0.002367973327637,False,quickNode,EmptySet,,9,-5
11252181,1605308304,1605308337,1.50203704833984E-05,0.003228902816772,False,quickNode,EmptySet,,33,-4
11252182,1605308333,1605308341,1.62124633789062E-05,0.002771854400635,False,quickNode,EmptySet,,8,-6
11252183,1605308335,1605308355,1.40666961669922E-05,0.003660678863525,False,quickNode,EmptySet,,20,-4
11252184,1605308351,1605308381,1.54972076416016E-05,0.00351881980896,False,quickNode,EmptySet,,30,-4
11252185,1605308377,1605308387,7.84397125244141E-05,0.008324384689331,False,quickNode,EmptySet,,10,-4
11252186,1605308383,1605308393,8.03470611572266E-05,0.008305549621582,False,quickNode,EmptySet,,10,-7
11252187,1605308386,1605308397,1.43051147460938E-05,0.003436803817749,False,quickNode,EmptySet,,11,-6
11252188,1605308391,1605308408,1.74045562744141E-05,0.006138801574707,False,quickNode,EmptySet,,17,-6
11252189,1605308402,1605308412,1.54972076416016E-05,0.003669023513794,False,quickNode,EmptySet,,10,-1
11252190,1605308411,1605308436,7.53402709960937E-05,0.00808310508728,False,quickNode,EmptySet,,25,-5
11252191,1605308431,1605308444,7.12871551513672E-05,0.008292675018311,False,quickNode,EmptySet,,13,-4
11252192,1605308440,1605308456,1.83582305908203E-05,0.00303316116333,False,quickNode,EmptySet,,16,-4
11252193,1605308452,1605308468,1.81198120117187E-05,0.002079248428345,False,quickNode,EmptySet,,16,-5
11252194,1605308463,1605308474,1.50203704833984E-05,0.002058506011963,False,quickNode,EmptySet,,11,
11252205,1605308658,1605308684,0.174974679946899,0.183604717254639,False,infura,EmptySet,,26,-2
11252206,1605308682,1605308697,1.74045562744141E-05,0.003455877304077,False,infura,EmptySet,,15,-2
11252207,1605308695,1605308704,7.46250152587891E-05,0.008568048477173,False,infura,EmptySet,,9,-9
11252207,1605308695,1605308721,1.50203704833984E-05,0.003785371780396,False,infura,EmptySet,,26,-21
11252208,1605308700,1605308722,7.72476196289062E-05,0.008434534072876,False,infura,EmptySet,,22,-2
11252209,1605308720,1605308732,8.05854797363281E-05,0.008476972579956,False,infura,EmptySet,,12,-1
11252210,1605308731,1605308735,1.54972076416016E-05,0.003003835678101,False,infura,EmptySet,,4,-2
11252211,1605308733,1605308769,2.86102294921875E-05,0.003652811050415,False,infura,EmptySet,,36,-2
11252212,1605308767,1605308777,8.03470611572266E-05,0.008283376693726,False,infura,EmptySet,,10,-2
11252213,1605308775,1605308780,1.78813934326172E-05,0.002016067504883,False,infura,EmptySet,,5,-2
11252214,1605308778,1605308791,1.57356262207031E-05,0.003443241119385,False,infura,EmptySet,,13,-1
11252215,1605308790,1605308831,0.000101804733276,0.008203268051147,False,infura,EmptySet,,41,-1
11252216,1605308830,1605308832,7.2479248046875E-05,0.008223295211792,False,infura,EmptySet,,2,-1
11252217,1605308831,1605308855,1.52587890625E-05,0.003334999084473,False,infura,EmptySet,,24,-1
11252218,1605308854,1605308865,7.29560852050781E-05,0.008214950561523,False,infura,EmptySet,,11,-2
11252219,1605308863,1605308874,1.47819519042969E-05,0.003572702407837,False,infura,EmptySet,,11,-1
11252220,1605308873,1605308880,3.12328338623047E-05,0.00345778465271,False,infura,EmptySet,,7,-5
11252221,1605308875,1605308880,1.43051147460938E-05,0.002151727676392,False,infura,EmptySet,,5,-2
11252222,1605308878,1605308910,1.43051147460938E-05,0.003599166870117,False,infura,EmptySet,,32,-1
11252223,1605308909,1605308921,1.50203704833984E-05,0.003606796264648,False,infura,EmptySet,,12,-1
11252224,1605308920,1605308926,7.34329223632812E-05,0.008430004119873,False,infura,EmptySet,,6,-2
11252225,1605308924,1605308963,2.95639038085937E-05,0.003606796264648,False,infura,EmptySet,,39,-1
11252226,1605308962,1605308970,7.29560852050781E-05,0.008644104003906,False,infura,EmptySet,,8,-3
11252227,1605308967,1605308971,7.55786895751953E-05,0.008246898651123,False,infura,EmptySet,,4,-2
11252228,1605308969,1605308974,1.43051147460938E-05,0.0030677318573,False,infura,EmptySet,,5,-1
11252229,1605308973,1605308981,1.81198120117187E-05,0.003425598144531,False,infura,EmptySet,,8,-8
11252229,1605308973,1605308987,6.60419464111328E-05,0.008514642715454,False,infura,EmptySet,,14,-6
11252230,1605308981,1605308987,8.36849212646484E-05,0.0096755027771,False,infura,EmptySet,,6,-2
11252231,1605308985,1605309000,7.36713409423828E-05,0.008309125900269,False,infura,EmptySet,,15,
11252234,1605309039,1605309045,0.225681066513062,0.234016418457031,False,infura,EmptySet,,6,-1
11252235,1605309044,1605309058,9.34600830078125E-05,0.010077953338623,False,infura,EmptySet,,14,-1
11252236,1605309057,1605309064,1.78813934326172E-05,0.004557132720947,False,infura,EmptySet,,7,
11252252,1605309232,1605309252,0.150419235229492,0.154059886932373,False,infura,EmptySet,,20,-2
11252253,1605309250,1605309258,4.43458557128906E-05,0.004529476165771,False,infura,EmptySet,,8,
11252326,1605310437,1605310443,0.156893253326416,0.165119886398315,False,infura,EmptySet,,6,-1
11252327,1605310442,1605310444,8.10623168945313E-05,0.007901430130005,False,infura,EmptySet,,2,-1
11252328,1605310443,1605310449,8.15391540527344E-05,0.008072853088379,False,infura,EmptySet,,6,-2
11252329,1605310447,1605310453,7.93933868408203E-05,0.008002042770386,False,infura,EmptySet,,6,-1
11252330,1605310452,1605310462,1.64508819580078E-05,0.003315210342407,False,infura,EmptySet,,10,-1
11252331,1605310461,1605310470,8.32080841064453E-05,0.008064270019531,False,infura,EmptySet,,9,-2
11252332,1605310468,1605310488,8.22544097900391E-05,0.007841110229492,False,infura,EmptySet,,20,-2
11252333,1605310486,1605310510,8.22544097900391E-05,0.00840950012207,False,infura,EmptySet,,24,-2
11252334,1605310508,1605310515,1.64508819580078E-05,0.003272533416748,False,infura,EmptySet,,7,-4
11252335,1605310511,1605310516,7.34329223632812E-05,0.008422136306763,False,infura,EmptySet,,5,-1
11252336,1605310515,1605310525,4.88758087158203E-05,0.006238460540771,False,infura,EmptySet,,10,-10
11252336,1605310515,1605310532,2.09808349609375E-05,0.003159046173096,False,infura,EmptySet,,17,-8
11252337,1605310524,1605310532,3.00407409667969E-05,0.003260374069214,False,infura,EmptySet,,8,-2
11252338,1605310530,1605310538,7.27176666259766E-05,0.008207321166992,False,infura,EmptySet,,8,-2
11252339,1605310536,1605310541,1.59740447998047E-05,0.002210378646851,False,infura,EmptySet,,5,-2
11252340,1605310539,1605310566,3.91006469726562E-05,0.004136800765991,False,infura,EmptySet,,27,-2
11252341,1605310564,1605310604,8.36849212646484E-05,0.009284496307373,False,infura,EmptySet,,40,-1
11252342,1605310603,1605310612,3.40938568115234E-05,0.004817485809326,False,infura,EmptySet,,9,-4
11252343,1605310608,1605310626,8.10623168945313E-05,0.009809970855713,False,infura,EmptySet,,18,-1
11252344,1605310625,1605310631,7.93933868408203E-05,0.00884485244751,False,infura,EmptySet,,6,-1
11252345,1605310630,1605310635,2.12192535400391E-05,0.003060340881348,False,infura,EmptySet,,5,-3
11252346,1605310632,1605310640,0.00011420249939,0.008948564529419,False,infura,EmptySet,,8,-2
11252347,1605310638,1605310665,7.46250152587891E-05,0.009042739868164,False,infura,EmptySet,,27,-3
11252348,1605310662,1605310672,8.48770141601563E-05,0.008987903594971,False,infura,EmptySet,,10,-2
11252349,1605310670,1605310676,8.67843627929688E-05,0.008864402770996,False,infura,EmptySet,,6,-2
11252350,1605310674,1605310683,7.39097595214844E-05,0.007591485977173,False,infura,EmptySet,,9,-1
11252351,1605310682,1605310698,7.82012939453125E-05,0.00909686088562,False,infura,EmptySet,,16,-3
11252352,1605310695,1605310720,9.41753387451172E-05,0.009982347488403,False,infura,EmptySet,,25,-1
11252353,1605310719,1605310729,8.0108642578125E-05,0.009587287902832,False,infura,EmptySet,,10,-1
11252354,1605310728,1605310734,7.60555267333984E-05,0.009383678436279,False,infura,EmptySet,,6,-1
11252355,1605310733,1605310737,7.58171081542969E-05,0.009717464447021,False,infura,EmptySet,,4,-1
11252356,1605310736,1605310746,8.96453857421875E-05,0.009137868881226,False,infura,EmptySet,,10,-2
11252357,1605310744,1605310817,7.93933868408203E-05,0.009471654891968,False,infura,EmptySet,,73,-2
11252358,1605310815,1605310826,7.70092010498047E-05,0.00867223739624,False,infura,EmptySet,,11,-2
11252359,1605310824,1605310829,8.44001770019531E-05,0.009102821350098,False,infura,EmptySet,,5,-2
11252360,1605310827,1605310838,7.79628753662109E-05,0.009499788284302,False,infura,EmptySet,,11,-1
11252361,1605310837,1605310852,6.62803649902344E-05,0.00698447227478,False,infura,EmptySet,,15,-4
11252362,1605310848,1605310853,8.29696655273438E-05,0.010016918182373,False,infura,EmptySet,,5,-2
11252363,1605310851,1605310864,1.64508819580078E-05,0.003356456756592,False,infura,EmptySet,,13,-2
11252364,1605310862,1605310879,1.59740447998047E-05,0.003438949584961,False,infura,EmptySet,,17,-1
11252365,1605310878,1605310884,1.95503234863281E-05,0.003213405609131,False,infura,EmptySet,,6,-4
11252366,1605310880,1605310888,1.54972076416016E-05,0.003398656845093,False,infura,EmptySet,,8,-2
11252367,1605310886,1605310915,1.50203704833984E-05,0.003011703491211,False,infura,EmptySet,,29,-3
11252368,1605310912,1605310925,1.47819519042969E-05,0.003162145614624,False,infura,EmptySet,,13,-4
11252369,1605310921,1605310935,1.54972076416016E-05,0.003175735473633,False,infura,EmptySet,,14,-1
11252370,1605310934,1605310939,7.62939453125E-05,0.007972717285156,False,infura,EmptySet,,5,-1
11252371,1605310938,1605310964,1.83582305908203E-05,0.003144025802612,False,infura,EmptySet,,26,-3
11252372,1605310961,1605310966,1.47819519042969E-05,0.003102540969849,False,infura,EmptySet,,5,-3
11252373,1605310963,1605310968,1.83582305908203E-05,0.003745317459106,False,infura,EmptySet,,5,-2
11252374,1605310966,1605310992,1.69277191162109E-05,0.003030300140381,False,infura,EmptySet,,26,-1
11252375,1605310991,1605310996,2.12192535400391E-05,0.002074003219605,False,infura,EmptySet,,5,-1
11252376,1605310995,1605311010,5.26905059814453E-05,0.003482818603516,False,infura,EmptySet,,15,-2
11252377,1605311008,1605311016,1.81198120117187E-05,0.003262519836426,False,infura,EmptySet,,8,-2
11252378,1605311014,1605311020,7.08103179931641E-05,0.008030414581299,False,infura,EmptySet,,6,-2
11252379,1605311018,1605311025,8.34465026855469E-05,0.008090496063232,False,infura,EmptySet,,7,-2
11252380,1605311023,1605311025,7.27176666259766E-05,0.007947444915771,False,infura,EmptySet,,2,-1
11252381,1605311024,1605311034,7.31945037841797E-05,0.007961511611938,False,infura,EmptySet,,10,-1
11252382,1605311033,1605311042,7.93933868408203E-05,0.00806736946106,False,infura,EmptySet,,9,-2
11252383,1605311040,1605311044,6.98566436767578E-05,0.008057832717896,False,infura,EmptySet,,4,-1
11252384,1605311043,1605311057,2.93254852294922E-05,0.003133296966553,False,infura,EmptySet,,14,-1
11252385,1605311056,1605311061,7.22408294677734E-05,0.008284568786621,False,infura,EmptySet,,5,-2
11252386,1605311059,1605311085,0.000100135803223,0.008006572723389,False,infura,EmptySet,,26,-1
11252387,1605311084,1605311088,7.31945037841797E-05,0.007987499237061,False,infura,EmptySet,,4,-1
11252388,1605311087,1605311110,3.29017639160156E-05,0.003257751464844,False,infura,EmptySet,,23,-1
11252389,1605311109,1605311115,1.47819519042969E-05,0.003236532211304,False,infura,EmptySet,,6,-1
11252390,1605311114,1605311136,7.55786895751953E-05,0.007916212081909,False,infura,EmptySet,,22,-2
11252391,1605311134,1605311136,1.64508819580078E-05,0.003310203552246,False,infura,EmptySet,,2,-1
11252392,1605311135,1605311144,1.43051147460938E-05,0.003321409225464,False,infura,EmptySet,,9,-2
11252393,1605311142,1605311155,1.43051147460938E-05,0.003499507904053,False,infura,EmptySet,,13,-2
11252394,1605311153,1605311181,3.60012054443359E-05,0.003474235534668,False,infura,EmptySet,,28,-1
11252395,1605311180,1605311185,7.03334808349609E-05,0.007984638214111,False,infura,EmptySet,,5,-1
11252396,1605311184,1605311193,1.62124633789062E-05,0.002097368240356,False,infura,EmptySet,,9,-2
11252397,1605311191,1605311206,8.13007354736328E-05,0.008421421051025,False,infura,EmptySet,,15,-3
11252398,1605311203,1605311229,7.77244567871094E-05,0.008343696594238,False,infura,EmptySet,,26,-1
11252399,1605311228,1605311233,1.47819519042969E-05,0.003209829330444,False,infura,EmptySet,,5,-1
11252400,1605311232,1605311246,1.57356262207031E-05,0.00362229347229,False,infura,EmptySet,,14,-2
11252401,1605311244,1605311270,7.96318054199219E-05,0.008993148803711,False,infura,EmptySet,,26,-3
11252402,1605311267,1605311278,2.76565551757812E-05,0.003334283828735,False,infura,EmptySet,,11,-2
11252403,1605311276,1605311288,5.57899475097656E-05,0.005129098892212,False,infura,EmptySet,,12,-1
11252404,1605311287,1605311292,1.76429748535156E-05,0.004228115081787,False,infura,EmptySet,,5,-1
11252405,1605311291,1605311295,1.64508819580078E-05,0.003457069396973,False,infura,EmptySet,,4,-2
11252406,1605311293,1605311297,7.05718994140625E-05,0.008094310760498,False,infura,EmptySet,,4,-2
11252407,1605311295,1605311300,1.76429748535156E-05,0.00218391418457,False,infura,EmptySet,,5,-2
11252408,1605311298,1605311316,7.70092010498047E-05,0.007970094680786,False,infura,EmptySet,,18,-1
11252409,1605311315,1605311325,3.00407409667969E-05,0.003448963165283,False,infura,EmptySet,,10,-2
11252410,1605311323,1605311342,1.64508819580078E-05,0.003133773803711,False,infura,EmptySet,,19,-4
11252411,1605311338,1605311342,1.78813934326172E-05,0.002126455307007,False,infura,EmptySet,,4,-3
11252412,1605311339,1605311345,8.10623168945313E-05,0.007941246032715,False,infura,EmptySet,,6,-2
11252413,1605311343,1605311350,8.13007354736328E-05,0.008004188537598,False,infura,EmptySet,,7,-2
11252414,1605311348,1605311356,1.45435333251953E-05,0.003118753433228,False,infura,EmptySet,,8,-1
11252415,1605311355,1605311382,7.34329223632812E-05,0.008026361465454,False,infura,EmptySet,,27,-2
11252416,1605311380,1605311394,7.77244567871094E-05,0.008558511734009,False,infura,EmptySet,,14,-2
11252417,1605311392,1605311415,7.62939453125E-05,0.007909536361694,False,infura,EmptySet,,23,-2
11252418,1605311413,1605311427,1.54972076416016E-05,0.001835584640503,False,infura,EmptySet,,14,-2
11252419,1605311425,1605311430,8.08238983154297E-05,0.007960557937622,False,infura,EmptySet,,5,-2
11252420,1605311428,1605311435,7.82012939453125E-05,0.007935047149658,False,infura,EmptySet,,7,-1
11252421,1605311434,1605311445,1.54972076416016E-05,0.001857280731201,False,infura,EmptySet,,11,-1
11252422,1605311444,1605311463,1.76429748535156E-05,0.003126621246338,False,infura,EmptySet,,19,-3
11252423,1605311460,1605311493,2.12192535400391E-05,0.002232789993286,False,infura,EmptySet,,33,1
11252425,1605311494,1605311497,1.45435333251953E-05,0.001630067825317,False,infura,EmptySet,,3,-2
11252426,1605311495,1605311508,7.55786895751953E-05,0.007997512817383,False,infura,EmptySet,,13,-1
11252427,1605311507,1605311517,7.00950622558594E-05,0.008028984069824,False,infura,EmptySet,,10,-1
11252428,1605311516,1605311529,1.9073486328125E-05,0.002253770828247,False,infura,EmptySet,,13,-2
11252429,1605311527,1605311539,1.85966491699219E-05,0.00324273109436,False,infura,EmptySet,,12,-2
11252430,1605311537,1605311556,7.60555267333984E-05,0.007922410964966,False,infura,EmptySet,,19,-2
11252431,1605311554,1605311559,1.40666961669922E-05,0.003525257110596,False,infura,EmptySet,,5,-2
11252432,1605311557,1605311581,2.59876251220703E-05,0.002810955047607,False,infura,EmptySet,,24,-1
11252433,1605311580,1605311590,7.51018524169922E-05,0.008051156997681,False,infura,EmptySet,,10,-3
11252434,1605311587,1605311591,1.54972076416016E-05,0.003141164779663,False,infura,EmptySet,,4,-2
11252435,1605311589,1605311600,8.15391540527344E-05,0.008148908615112,False,infura,EmptySet,,11,-1
11252436,1605311599,1605311621,7.74860382080078E-05,0.007956266403198,False,infura,EmptySet,,22,-2
11252437,1605311619,1605311623,7.39097595214844E-05,0.007989168167114,False,infura,EmptySet,,4,-3
11252438,1605311620,1605311633,7.29560852050781E-05,0.008007764816284,False,infura,EmptySet,,13,-1
11252439,1605311632,1605311640,1.59740447998047E-05,0.003511190414429,False,infura,EmptySet,,8,-1
11252440,1605311639,1605311643,1.43051147460938E-05,0.003616094589233,False,infura,EmptySet,,4,-1
11252441,1605311642,1605311682,7.96318054199219E-05,0.009728908538818,False,infura,EmptySet,,40,-1
11252442,1605311681,1605311699,1.59740447998047E-05,0.003472328186035,False,infura,EmptySet,,18,-1
11252443,1605311698,1605311701,3.02791595458984E-05,0.00371241569519,False,infura,EmptySet,,3,-1
11252444,1605311700,1605311730,4.26769256591797E-05,0.00356125831604,False,infura,EmptySet,,30,-2
11252445,1605311728,1605311755,7.60555267333984E-05,0.008004903793335,False,infura,EmptySet,,27,-1
11252446,1605311754,1605311764,1.59740447998047E-05,0.001891851425171,False,infura,EmptySet,,10,-1
11252447,1605311763,1605311768,8.392333984375E-05,0.008161067962646,False,infura,EmptySet,,5,-1
11252448,1605311767,1605311777,8.17775726318359E-05,0.008296012878418,False,infura,EmptySet,,10,-1
11252449,1605311776,1605311779,2.76565551757812E-05,0.003321409225464,False,infura,EmptySet,,3,-1
11252450,1605311778,1605311781,1.71661376953125E-05,0.002681016921997,False,infura,EmptySet,,3,-1
11252451,1605311780,1605311791,7.65323638916016E-05,0.00800609588623,False,infura,EmptySet,,11,-1
11252452,1605311790,1605311799,7.39097595214844E-05,0.007960319519043,False,infura,EmptySet,,9,-1
11252453,1605311798,1605311803,1.43051147460938E-05,0.003284454345703,False,infura,EmptySet,,5,-2
11252454,1605311801,1605311816,9.70363616943359E-05,0.007951974868774,False,infura,EmptySet,,15,-1
11252455,1605311815,1605311825,1.57356262207031E-05,0.003151178359985,False,infura,EmptySet,,10,-2
11252456,1605311823,1605311833,1.47819519042969E-05,0.003237962722778,False,infura,EmptySet,,10,-1
11252457,1605311832,1605311837,6.98566436767578E-05,0.008003711700439,False,infura,EmptySet,,5,-1
11252458,1605311836,1605311854,1.64508819580078E-05,0.003355741500855,False,infura,EmptySet,,18,-3
11252459,1605311851,1605311856,7.10487365722656E-05,0.007964849472046,False,infura,EmptySet,,5,-1
11252460,1605311855,1605311859,4.12464141845703E-05,0.004286766052246,False,infura,EmptySet,,4,-1
11252461,1605311858,1605311863,1.64508819580078E-05,0.003387212753296,False,infura,EmptySet,,5,-1
11252462,1605311862,1605311879,2.78949737548828E-05,0.001876354217529,False,infura,EmptySet,,17,-2
11252463,1605311877,1605311895,7.91549682617187E-05,0.008020162582397,False,infura,EmptySet,,18,-2
11252464,1605311893,1605311906,7.58171081542969E-05,0.00795841217041,False,infura,EmptySet,,13,-2
11252465,1605311904,1605311922,1.62124633789062E-05,0.003296375274658,False,infura,EmptySet,,18,-2
11252466,1605311920,1605311935,1.62124633789062E-05,0.003414630889893,False,infura,EmptySet,,15,-1
11252467,1605311934,1605311955,1.64508819580078E-05,0.003478765487671,False,infura,EmptySet,,21,-2
11252468,1605311953,1605311959,1.52587890625E-05,0.003116607666016,False,infura,EmptySet,,6,-2
11252469,1605311957,1605311984,6.05583190917969E-05,0.003011465072632,False,infura,EmptySet,,27,-3
11252470,1605311981,1605312020,7.55786895751953E-05,0.007873773574829,False,infura,EmptySet,,39,-1
11252471,1605312019,1605312030,0.62998628616333,0.63186526298523,True,infura,EmptySet,,11,-2
11252472,1605312028,1605312042,0.5602126121521,0.568072080612183,True,infura,EmptySet,,14,-1
11252473,1605312041,1605312051,0.673744916915894,0.681783199310303,True,infura,EmptySet,,10,-1
11252474,1605312050,1605312071,0.53010106086731,0.537999153137207,True,infura,EmptySet,,21,-2
11252475,1605312069,1605312078,0.706577062606812,0.710148572921753,True,infura,EmptySet,,9,-4
11252476,1605312074,1605312089,0.717739105224609,0.726219892501831,True,infura,EmptySet,,15,
11253051,1605319872,1605319892,0.383434534072876,0.386694431304932,False,infura,EmptySet,,20,-2
11253052,1605319890,1605319898,7.17639923095703E-05,0.00786280632019,False,infura,EmptySet,,8,-3
11253053,1605319895,1605319912,7.36713409423828E-05,0.007959842681885,False,infura,EmptySet,,17,-4
11253054,1605319908,1605319915,7.62939453125E-05,0.007917165756226,False,infura,EmptySet,,7,-2
11253055,1605319913,1605319943,6.79492950439453E-05,0.007956504821777,False,infura,EmptySet,,30,-2
11253056,1605319941,1605319947,8.44001770019531E-05,0.008703947067261,False,infura,EmptySet,,6,-2
11253057,1605319945,1605319954,7.29560852050781E-05,0.007897615432739,False,infura,EmptySet,,9,-1
11253058,1605319953,1605319956,9.05990600585938E-05,0.007905721664429,False,infura,EmptySet,,3,-2
11253059,1605319954,1605319958,7.03334808349609E-05,0.00802755355835,False,infura,EmptySet,,4,1
11253060,1605319959,1605319962,7.46250152587891E-05,0.00795316696167,False,infura,EmptySet,,3,0
11253061,1605319962,1605319979,1.47819519042969E-05,0.001774311065674,False,infura,EmptySet,,17,-1
11253062,1605319978,1605320014,7.31945037841797E-05,0.008215665817261,False,infura,EmptySet,,36,-2
11253063,1605320012,1605320033,7.08103179931641E-05,0.007817506790161,False,infura,EmptySet,,21,-3
11253064,1605320030,1605320051,1.57356262207031E-05,0.002171754837036,False,infura,EmptySet,,21,-2
11253065,1605320049,1605320051,3.07559967041016E-05,0.003585815429688,False,infura,EmptySet,,2,-1
11253066,1605320050,1605320071,7.51018524169922E-05,0.008278846740723,False,infura,EmptySet,,21,-5
11253067,1605320066,1605320085,7.12871551513672E-05,0.009476661682129,False,infura,EmptySet,,19,-1
11253068,1605320084,1605320089,7.2479248046875E-05,0.009265899658203,False,infura,EmptySet,,5,-1
11253069,1605320088,1605320097,7.46250152587891E-05,0.00797176361084,False,infura,EmptySet,,9,-3
11253070,1605320094,1605320115,7.41481781005859E-05,0.008644819259644,False,infura,EmptySet,,21,-3
11253071,1605320112,1605320115,5.81741333007813E-05,0.005974531173706,False,infura,EmptySet,,3,-1
11253072,1605320114,1605320119,7.05718994140625E-05,0.008010149002075,False,infura,EmptySet,,5,-2
11253073,1605320117,1605320120,7.62939453125E-05,0.008090496063232,False,infura,EmptySet,,3,-1
11253074,1605320119,1605320130,7.34329223632812E-05,0.008187770843506,False,infura,EmptySet,,11,-1
11253075,1605320129,1605320133,7.51018524169922E-05,0.008034229278564,False,infura,EmptySet,,4,-1
11253076,1605320132,1605320143,7.53402709960937E-05,0.009245157241821,False,infura,EmptySet,,11,-3
11253077,1605320140,1605320156,8.72611999511719E-05,0.008602619171143,False,infura,EmptySet,,16,-1
11253078,1605320155,1605320174,7.72476196289062E-05,0.008257389068604,False,infura,EmptySet,,19,-3
11253079,1605320171,1605320176,7.51018524169922E-05,0.008389472961426,False,infura,EmptySet,,5,-1
11253080,1605320175,1605320205,7.86781311035156E-05,0.008165597915649,False,infura,EmptySet,,30,-2
11253081,1605320203,1605320207,8.55922698974609E-05,0.009146690368652,False,infura,EmptySet,,4,-2
11253082,1605320205,1605320215,7.31945037841797E-05,0.007951974868774,False,infura,EmptySet,,10,-1
11253083,1605320214,1605320225,7.31945037841797E-05,0.008112668991089,False,infura,EmptySet,,11,-2
11253084,1605320223,1605320225,7.43865966796875E-05,0.008253812789917,False,infura,EmptySet,,2,-1
11253085,1605320224,1605320247,7.72476196289062E-05,0.008369445800781,False,infura,EmptySet,,23,-3
11253086,1605320244,1605320275,1.71661376953125E-05,0.00193977355957,False,infura,EmptySet,,31,-4
11253087,1605320271,1605320290,7.27176666259766E-05,0.007890939712524,False,infura,EmptySet,,19,-3
11253088,1605320287,1605320294,1.52587890625E-05,0.004476070404053,False,infura,EmptySet,,7,-2
11253089,1605320292,1605320299,1.69277191162109E-05,0.003130197525024,False,infura,EmptySet,,7,-2
11253090,1605320297,1605320300,7.74860382080078E-05,0.007866382598877,False,infura,EmptySet,,3,-1
11253091,1605320299,1605320302,7.36713409423828E-05,0.007580280303955,False,infura,EmptySet,,3,-2
11253092,1605320300,1605320339,7.34329223632812E-05,0.007921934127808,False,infura,EmptySet,,39,-2
11253093,1605320337,1605320352,1.43051147460938E-05,0.003319263458252,False,infura,EmptySet,,15,-1
11253094,1605320351,1605320360,1.43051147460938E-05,0.003140926361084,False,infura,EmptySet,,9,-4
11253095,1605320356,1605320363,7.22408294677734E-05,0.007899761199951,False,infura,EmptySet,,7,-1
11253096,1605320362,1605320384,1.45435333251953E-05,0.003271818161011,False,infura,EmptySet,,22,-2
11253097,1605320382,1605320403,1.43051147460938E-05,0.003137588500977,False,infura,EmptySet,,21,-2
11253098,1605320401,1605320426,1.52587890625E-05,0.001782417297363,False,infura,EmptySet,,25,-2
11253099,1605320424,1605320441,1.52587890625E-05,0.003415107727051,False,infura,EmptySet,,17,-2
11253100,1605320439,1605320448,1.38282775878906E-05,0.003204107284546,False,infura,EmptySet,,9,-1
11253101,1605320447,1605320450,1.64508819580078E-05,0.003326654434204,False,infura,EmptySet,,3,-2
11253102,1605320448,1605320461,1.69277191162109E-05,0.001850128173828,False,infura,EmptySet,,13,-11
11253103,1605320450,1605320461,1.38282775878906E-05,0.003566026687622,False,infura,EmptySet,,11,-1
11253104,1605320460,1605320513,7.27176666259766E-05,0.007974624633789,False,infura,EmptySet,,53,-2
11253105,1605320511,1605320535,7.08103179931641E-05,0.008098363876343,False,infura,EmptySet,,24,-1
11253106,1605320534,1605320546,7.03334808349609E-05,0.008089065551758,False,infura,EmptySet,,12,-2
11253107,1605320544,1605320562,1.43051147460938E-05,0.001945495605469,False,infura,EmptySet,,18,-1
11253108,1605320561,1605320563,2.45571136474609E-05,0.002783060073853,False,infura,EmptySet,,2,-1
11253109,1605320562,1605320570,2.19345092773437E-05,0.002460241317749,False,infura,EmptySet,,8,-2
11253110,1605320568,1605320575,1.9073486328125E-05,0.003354072570801,False,infura,EmptySet,,7,-1
11253111,1605320574,1605320578,7.2479248046875E-05,0.007961988449097,False,infura,EmptySet,,4,-1
11253112,1605320577,1605320585,1.76429748535156E-05,0.003259181976318,False,infura,EmptySet,,8,-2
11253113,1605320583,1605320587,1.47819519042969E-05,0.00212550163269,False,infura,EmptySet,,4,-3
11253114,1605320584,1605320596,6.96182250976562E-05,0.007944822311401,False,infura,EmptySet,,12,-1
11253115,1605320595,1605320597,7.34329223632812E-05,0.008086681365967,False,infura,EmptySet,,2,-1
11253116,1605320596,1605320628,7.15255737304687E-05,0.007945775985718,False,infura,EmptySet,,32,-4
11253117,1605320624,1605320628,1.40666961669922E-05,0.00337028503418,False,infura,EmptySet,,4,-3
11253118,1605320625,1605320644,6.96182250976562E-05,0.007876396179199,False,infura,EmptySet,,19,-4
11253119,1605320640,1605320644,1.83582305908203E-05,0.003628253936768,False,infura,EmptySet,,4,-3
11253120,1605320641,1605320651,2.74181365966797E-05,0.001875400543213,False,infura,EmptySet,,10,-2
11253121,1605320649,1605320655,6.81877136230469E-05,0.007920503616333,False,infura,EmptySet,,6,-2
11253122,1605320653,1605320666,1.62124633789062E-05,0.003182649612427,False,infura,EmptySet,,13,-3
11253123,1605320663,1605320683,2.76565551757812E-05,0.003075838088989,False,infura,EmptySet,,20,-2
11253124,1605320681,1605320712,7.72476196289062E-05,0.008057117462158,False,infura,EmptySet,,31,-8
11253125,1605320704,1605320712,1.83582305908203E-05,0.00243067741394,False,infura,EmptySet,,8,-2
11253126,1605320710,1605320728,1.38282775878906E-05,0.003171443939209,False,infura,EmptySet,,18,-1
11253127,1605320727,1605320746,7.62939453125E-05,0.007911205291748,False,infura,EmptySet,,19,-1
11253128,1605320745,1605320762,7.34329223632812E-05,0.007928371429443,False,infura,EmptySet,,17,-1
11253129,1605320761,1605320769,7.86781311035156E-05,0.007993221282959,False,infura,EmptySet,,8,-2
11253130,1605320767,1605320777,2.71797180175781E-05,0.00346565246582,False,infura,EmptySet,,10,-2
11253131,1605320775,1605320789,6.84261322021484E-05,0.007973909378052,False,infura,EmptySet,,14,-1
11253132,1605320788,1605320797,7.05718994140625E-05,0.008093357086182,False,infura,EmptySet,,9,-1
11253133,1605320796,1605320814,7.27176666259766E-05,0.007863283157349,False,infura,EmptySet,,18,-1
11253134,1605320813,1605320855,7.27176666259766E-05,0.00799036026001,False,infura,EmptySet,,42,-2
11253135,1605320853,1605320865,7.36713409423828E-05,0.008147478103638,False,infura,EmptySet,,12,-2
11253136,1605320863,1605320875,1.54972076416016E-05,0.002267360687256,False,infura,EmptySet,,12,-2
11253137,1605320873,1605320886,7.12871551513672E-05,0.007935523986816,False,infura,EmptySet,,13,-2
11253138,1605320884,1605320891,1.50203704833984E-05,0.003128051757813,False,infura,EmptySet,,7,-3
11253139,1605320888,1605320905,1.76429748535156E-05,0.003193855285645,False,infura,EmptySet,,17,-2
11253140,1605320903,1605320913,7.05718994140625E-05,0.008003950119019,False,infura,EmptySet,,10,-2
11253141,1605320911,1605320925,6.84261322021484E-05,0.007943391799927,False,infura,EmptySet,,14,-1
11253142,1605320924,1605320926,6.96182250976562E-05,0.007958173751831,False,infura,EmptySet,,2,-1
11253143,1605320925,1605320929,6.84261322021484E-05,0.00810170173645,False,infura,EmptySet,,4,0
11253144,1605320929,1605320937,7.08103179931641E-05,0.008198738098145,False,infura,EmptySet,,8,-4
11253145,1605320933,1605320937,7.10487365722656E-05,0.008585929870605,False,infura,EmptySet,,4,-3
11253146,1605320934,1605320954,7.36713409423828E-05,0.007938623428345,False,infura,EmptySet,,20,-2
11253147,1605320952,1605320954,7.55786895751953E-05,0.007802486419678,False,infura,EmptySet,,2,0
11253148,1605320954,1605320960,1.76429748535156E-05,0.001992702484131,False,infura,EmptySet,,6,-1
11253149,1605320959,1605320963,1.54972076416016E-05,0.002492666244507,False,infura,EmptySet,,4,-2
11253150,1605320961,1605320967,4.45842742919922E-05,0.004951477050781,False,infura,EmptySet,,6,-3
11253151,1605320964,1605320988,7.22408294677734E-05,0.00802206993103,False,infura,EmptySet,,24,-1
11253152,1605320987,1605321005,6.93798065185547E-05,0.008285522460938,False,infura,EmptySet,,18,-2
11253153,1605321003,1605321046,2.19345092773437E-05,0.002307891845703,False,infura,EmptySet,,43,-1
11253154,1605321045,1605321075,7.34329223632812E-05,0.007856130599976,False,infura,EmptySet,,30,
11253165,1605321204,1605321208,3.86238098144531E-05,1.17636799812317,False,infura,EmptySet,,4,-2
11253166,1605321206,1605321212,0.15046763420105,0.152373313903809,False,infura,EmptySet,,6,-2
11253167,1605321210,1605321218,1.85966491699219E-05,0.003028392791748,False,infura,EmptySet,,8,-2
11253168,1605321216,1605321228,1.81198120117187E-05,0.002237558364868,False,infura,EmptySet,,12,-4
11253169,1605321224,1605321228,1.81198120117187E-05,0.002319097518921,False,infura,EmptySet,,4,-2
11253170,1605321226,1605321230,3.0517578125E-05,0.00212550163269,False,infura,EmptySet,,4,-1
11253171,1605321229,1605321263,1.66893005371094E-05,0.003398418426514,False,infura,EmptySet,,34,-1
11253172,1605321262,1605321268,2.86102294921875E-05,0.002147674560547,False,infura,EmptySet,,6,-2
11253173,1605321266,1605321279,3.00407409667969E-05,0.002143383026123,False,infura,EmptySet,,13,-1
11253174,1605321278,1605321287,2.86102294921875E-05,0.002553224563599,False,infura,EmptySet,,9,-2
11253175,1605321285,1605321306,8.392333984375E-05,0.009313106536865,False,infura,EmptySet,,21,
11253216,1605321809,1605321821,8.0482714176178,8.0502290725708,False,localNode,EmptySet,,12,-2
11253217,1605321819,1605321838,1.62124633789062E-05,0.001964092254639,False,localNode,EmptySet,,19,-3
11253218,1605321835,1605321843,1.9073486328125E-05,0.001965045928955,False,localNode,EmptySet,,8,-1
11253219,1605321842,1605321880,7.84397125244141E-05,0.008594751358032,False,localNode,EmptySet,,38,-3
11253220,1605321877,1605321910,1.88350677490234E-05,0.001916408538818,False,localNode,EmptySet,,33,3
11253222,1605321913,1605321925,7.41481781005859E-05,0.007913827896118,False,localNode,EmptySet,,12,-2
11253223,1605321923,1605321941,1.85966491699219E-05,0.003175497055054,False,localNode,EmptySet,,18,-2
11253224,1605321939,1605321956,1.57356262207031E-05,0.00367283821106,False,localNode,EmptySet,,17,-1
11253225,1605321955,1605321965,1.69277191162109E-05,0.003327608108521,False,localNode,EmptySet,,10,-2
11253226,1605321963,1605321976,1.74045562744141E-05,0.001976251602173,False,localNode,EmptySet,,13,-1
11253227,1605321975,1605322003,2.90870666503906E-05,0.002009391784668,False,localNode,EmptySet,,28,3
11253229,1605322006,1605322010,1.66893005371094E-05,0.002197504043579,False,localNode,EmptySet,,4,-2
11253230,1605322008,1605322015,7.27176666259766E-05,0.008069276809692,False,localNode,EmptySet,,7,-2
11253231,1605322013,1605322031,7.53402709960937E-05,0.008043527603149,False,localNode,EmptySet,,18,-14
11253232,1605322017,1605322047,7.46250152587891E-05,0.008177518844605,False,localNode,EmptySet,,30,-1
11253233,1605322046,1605322059,1.66893005371094E-05,0.001959085464478,False,localNode,EmptySet,,13,-10
11253234,1605322049,1605322066,1.66893005371094E-05,0.002007484436035,False,localNode,EmptySet,,17,3
11253236,1605322069,1605322071,1.66893005371094E-05,0.00169825553894,False,localNode,EmptySet,,2,-1
11253237,1605322070,1605322089,8.82148742675781E-05,0.008768081665039,False,localNode,EmptySet,,19,-2
11253238,1605322087,1605322141,7.08103179931641E-05,0.008191108703613,False,localNode,EmptySet,,54,-2
11253239,1605322139,1605322145,7.48634338378906E-05,0.008258581161499,False,localNode,EmptySet,,6,-4
11253240,1605322141,1605322148,1.83582305908203E-05,0.002011060714722,False,localNode,EmptySet,,7,-3
11253241,1605322145,1605322154,1.71661376953125E-05,0.001991987228394,False,localNode,EmptySet,,9,-2
11253242,1605322152,1605322180,8.36849212646484E-05,0.008952856063843,False,localNode,EmptySet,,28,-2
11253243,1605322178,1605322187,1.85966491699219E-05,0.003392219543457,False,localNode,EmptySet,,9,-2
11253244,1605322185,1605322199,1.45435333251953E-05,0.001940011978149,False,localNode,EmptySet,,14,-2
11253245,1605322197,1605322255,8.98838043212891E-05,0.009198665618896,False,localNode,EmptySet,,58,-2
11253246,1605322253,1605322270,9.22679901123047E-05,0.009426832199097,False,localNode,EmptySet,,17,-2
11253247,1605322268,1605322277,1.78813934326172E-05,0.00199031829834,False,localNode,EmptySet,,9,-2
11253248,1605322275,1605322286,3.48091125488281E-05,0.003560304641724,False,localNode,EmptySet,,11,-2
11253249,1605322284,1605322293,1.50203704833984E-05,0.003789663314819,False,localNode,EmptySet,,9,-4
11253250,1605322289,1605322300,7.36713409423828E-05,0.008023738861084,False,localNode,EmptySet,,11,-2
11253251,1605322298,1605322306,1.62124633789062E-05,0.002401113510132,False,localNode,EmptySet,,8,-2
11253252,1605322304,1605322311,1.45435333251953E-05,0.003214836120605,False,localNode,EmptySet,,7,-2
11253253,1605322309,1605322324,1.57356262207031E-05,0.001912117004395,False,localNode,EmptySet,,15,-1
11253254,1605322323,1605322333,8.32080841064453E-05,0.008188009262085,False,localNode,EmptySet,,10,-9
11253255,1605322324,1605322373,7.43865966796875E-05,0.008411169052124,False,localNode,EmptySet,,49,1
11253258,1605322374,1605322390,4.57763671875E-05,0.004687309265137,False,localNode,EmptySet,,16,2
11253260,1605322392,1605322397,1.66893005371094E-05,0.001716375350952,False,localNode,EmptySet,,5,2
11253262,1605322399,1605322488,1.69277191162109E-05,0.001707315444946,False,localNode,EmptySet,,89,-1
11253263,1605322487,1605322495,1.78813934326172E-05,0.002150774002075,False,localNode,EmptySet,,8,-2
11253264,1605322493,1605322507,1.57356262207031E-05,0.001933097839355,False,localNode,EmptySet,,14,-1
11253265,1605322506,1605322513,7.70092010498047E-05,0.008421421051025,False,localNode,EmptySet,,7,-2
11253266,1605322511,1605322528,7.77244567871094E-05,0.008332490921021,False,localNode,EmptySet,,17,-3
11253267,1605322525,1605322533,1.59740447998047E-05,0.001959323883057,False,localNode,EmptySet,,8,-1
11253268,1605322532,1605322559,1.78813934326172E-05,0.002048254013062,False,localNode,EmptySet,,27,0
11253270,1605322559,1605322585,0.000106811523438,0.008366823196411,False,localNode,EmptySet,,26,-1
11253271,1605322584,1605322600,1.57356262207031E-05,0.00210976600647,False,localNode,EmptySet,,16,-2
11253272,1605322598,1605322609,7.51018524169922E-05,0.008249044418335,False,localNode,EmptySet,,11,-6
11253273,1605322603,1605322652,2.02655792236328E-05,0.002578735351563,False,localNode,EmptySet,,49,-4
11253274,1605322648,1605322666,7.22408294677734E-05,0.008055210113525,False,localNode,EmptySet,,18,-4
11253275,1605322662,1605322714,1.64508819580078E-05,0.001990079879761,False,localNode,EmptySet,,52,-2
11253276,1605322712,1605322726,2.57492065429687E-05,0.002684116363525,False,localNode,EmptySet,,14,-4
11253277,1605322722,1605322738,0.000101804733276,0.009529829025269,False,localNode,EmptySet,,16,-3
11253278,1605322735,1605322745,7.72476196289062E-05,0.008193016052246,False,localNode,EmptySet,,10,-2
11253279,1605322743,1605322755,1.66893005371094E-05,0.00172758102417,False,localNode,EmptySet,,12,-4
11253280,1605322751,1605322756,4.00543212890625E-05,0.002814292907715,False,localNode,EmptySet,,5,-3
11253281,1605322753,1605322764,6.43730163574219E-05,0.005269050598145,False,localNode,EmptySet,,11,0
11253283,1605322764,1605322791,1.62124633789062E-05,0.00169563293457,False,localNode,EmptySet,,27,-1
11253284,1605322790,1605322801,2.33650207519531E-05,0.003255128860474,False,localNode,EmptySet,,11,-3
11253285,1605322798,1605322816,1.78813934326172E-05,0.002449035644531,False,localNode,EmptySet,,18,0
11253287,1605322816,1605322832,1.9073486328125E-05,0.001677751541138,False,localNode,EmptySet,,16,-2
11253288,1605322830,1605322837,8.03470611572266E-05,0.008194446563721,False,localNode,EmptySet,,7,-2
11253289,1605322835,1605322844,1.76429748535156E-05,0.002026796340942,False,localNode,EmptySet,,9,-2
11253290,1605322842,1605322870,7.79628753662109E-05,0.008318185806274,False,localNode,EmptySet,,28,0
11253292,1605322870,1605322884,1.66893005371094E-05,0.001708745956421,False,localNode,EmptySet,,14,1
11253294,1605322885,1605322897,1.93119049072266E-05,0.001694917678833,False,localNode,EmptySet,,12,-2
11253295,1605322895,1605322919,8.27312469482422E-05,0.008788824081421,False,localNode,EmptySet,,24,-4
11253296,1605322915,1605322927,1.52587890625E-05,0.003172397613525,False,localNode,EmptySet,,12,1
11253298,1605322928,1605322934,1.69277191162109E-05,0.001734495162964,False,localNode,EmptySet,,6,-2
11253299,1605322932,1605322951,3.36170196533203E-05,0.003613710403442,False,localNode,EmptySet,,19,-1
11253300,1605322950,1605322972,1.66893005371094E-05,0.001946687698364,False,localNode,EmptySet,,22,-4
11253301,1605322968,1605322981,1.95503234863281E-05,0.002018690109253,False,localNode,EmptySet,,13,-4
11253302,1605322977,1605322997,1.66893005371094E-05,0.003571748733521,False,localNode,EmptySet,,20,-2
11253303,1605322995,1605323007,1.71661376953125E-05,0.003881692886353,False,localNode,EmptySet,,12,-2
11253304,1605323005,1605323024,9.13143157958984E-05,0.009083986282349,False,localNode,EmptySet,,19,-2
11253305,1605323022,1605323042,3.38554382324219E-05,0.00265383720398,False,localNode,EmptySet,,20,-2
11253306,1605323040,1605323056,1.88350677490234E-05,0.003343820571899,False,localNode,EmptySet,,16,0
11253309,1605323056,1605323063,6.41345977783203E-05,0.006058692932129,False,localNode,EmptySet,,7,-2
11253310,1605323061,1605323070,7.67707824707031E-05,0.008480072021484,False,localNode,EmptySet,,9,1
11253312,1605323071,1605323083,0.000122547149658,0.00794529914856,False,localNode,EmptySet,,12,-2
11253313,1605323081,1605323092,3.09944152832031E-05,0.003478050231934,False,localNode,EmptySet,,11,-3
11253314,1605323089,1605323106,1.57356262207031E-05,0.003349781036377,False,localNode,EmptySet,,17,-2
11253315,1605323104,1605323116,1.59740447998047E-05,0.00197958946228,False,localNode,EmptySet,,12,-3
11253316,1605323113,1605323131,1.59740447998047E-05,0.003725290298462,False,localNode,EmptySet,,18,-2
11253317,1605323129,1605323149,8.08238983154297E-05,0.009294033050537,False,localNode,EmptySet,,20,0
11253319,1605323149,1605323172,1.59740447998047E-05,0.001699686050415,False,localNode,EmptySet,,23,-3
11253320,1605323169,1605323192,7.70092010498047E-05,0.008687734603882,False,localNode,EmptySet,,23,-2
11253321,1605323190,1605323199,1.62124633789062E-05,0.003479719161987,False,localNode,EmptySet,,9,-3
11253322,1605323196,1605323209,1.59740447998047E-05,0.00224494934082,False,localNode,EmptySet,,13,2
11253324,1605323211,1605323259,1.59740447998047E-05,0.001714944839478,False,localNode,EmptySet,,48,-1
11253326,1605323258,1605323272,1.52587890625E-05,0.001666069030762,False,localNode,EmptySet,,14,-2
11253327,1605323270,1605323303,8.03470611572266E-05,0.008282899856567,False,localNode,EmptySet,,33,-4
11253328,1605323299,1605323360,0.000103950500488,0.008737325668335,False,localNode,EmptySet,,61,-4
11253329,1605323356,1605323372,3.55243682861328E-05,0.003914356231689,False,localNode,EmptySet,,16,-2
11253330,1605323370,1605323442,1.64508819580078E-05,0.002532720565796,False,localNode,EmptySet,,72,-10
11253331,1605323432,1605323461,1.64508819580078E-05,0.002202033996582,False,localNode,EmptySet,,29,-3
11253332,1605323458,1605323483,1.50203704833984E-05,0.002097845077515,False,localNode,EmptySet,,25,-2
11253333,1605323481,1605323516,8.63075256347656E-05,0.008777618408203,False,localNode,EmptySet,,35,-6
11253334,1605323510,1605323520,7.98702239990234E-05,0.009143829345703,False,localNode,EmptySet,,10,0
11253336,1605323520,1605323539,2.59876251220703E-05,0.003066778182983,False,localNode,EmptySet,,19,-1
11253338,1605323538,1605323553,1.76429748535156E-05,0.001811504364014,False,localNode,EmptySet,,15,-3
11253339,1605323550,1605323561,2.83718109130859E-05,0.002202749252319,False,localNode,EmptySet,,11,-3
11253340,1605323558,1605323570,1.54972076416016E-05,0.002106666564941,False,localNode,EmptySet,,12,-1
11253341,1605323569,1605323588,1.59740447998047E-05,0.002012729644775,False,localNode,EmptySet,,19,-3
11253342,1605323585,1605323605,7.46250152587891E-05,0.008482694625855,False,localNode,EmptySet,,20,-3
11253343,1605323602,1605323623,1.57356262207031E-05,0.002403259277344,False,localNode,EmptySet,,21,-2
11253344,1605323621,1605323647,8.17775726318359E-05,0.008672714233398,False,localNode,EmptySet,,26,-3
11253345,1605323644,1605323654,9.51290130615234E-05,0.008530616760254,False,localNode,EmptySet,,10,-3
11253346,1605323651,1605323673,1.54972076416016E-05,0.003222227096558,False,localNode,EmptySet,,22,5
11253349,1605323678,1605323679,8.7738037109375E-05,0.008739948272705,False,localNode,EmptySet,,1,0
11253350,1605323679,1605323687,1.57356262207031E-05,0.001972675323486,False,localNode,EmptySet,,8,-2
11253351,1605323685,1605323760,7.36713409423828E-05,0.008261203765869,False,localNode,EmptySet,,75,-1
11253352,1605323759,1605323815,7.65323638916016E-05,0.008094072341919,False,localNode,EmptySet,,56,0
11253354,1605323815,1605323832,1.57356262207031E-05,0.001668930053711,False,localNode,EmptySet,,17,-2
11253355,1605323830,1605323849,1.74045562744141E-05,0.002161502838135,False,localNode,EmptySet,,19,-2
11253356,1605323847,1605323856,8.29696655273438E-05,0.008286237716675,False,localNode,EmptySet,,9,1
11253359,1605323857,1605323863,8.36849212646484E-05,0.008926153182983,False,localNode,EmptySet,,6,-2
11253360,1605323861,1605323873,7.77244567871094E-05,0.009679317474365,False,localNode,EmptySet,,12,-3
11253361,1605323870,1605323878,8.20159912109375E-05,0.009509325027466,False,localNode,EmptySet,,8,2
11253363,1605323880,1605323894,7.79628753662109E-05,0.008740901947021,False,localNode,EmptySet,,14,-4
11253364,1605323890,1605323909,9.05990600585938E-05,0.00899338722229,False,localNode,EmptySet,,19,-3
11253365,1605323906,1605323942,6.96182250976562E-05,0.006973505020142,False,localNode,EmptySet,,36,
